Age,Education,Marital Status,Parental Status,Children,Income,Total_Spending,Days_as_Customer,Recency,Wines,Fruits,Meat,Fish,Sweets,Gold,Web,Catalog,Store,Discount Purchases,Total Promo,NumWebVisitsMonth,cluster
65.0,2,0,0,0,58138.0,1617.0,5068.0,58.0,635.0,81.0,546.0,120.5,81.0,88.0,8,10,4,3,0,7,2
68.0,2,0,1,2,46344.0,27.0,4518.0,38.0,11.0,1.0,6.0,2.0,1.0,6.0,1,1,2,2,0,5,0
57.0,2,1,0,0,71613.0,776.0,4717.0,26.0,426.0,49.0,127.0,111.0,21.0,42.0,8,2,10,1,0,4,2
38.0,2,1,1,1,26646.0,53.0,4544.0,26.0,11.0,4.0,20.0,10.0,3.0,5.0,2,0,4,2,0,6,0
41.0,4,1,1,1,58293.0,422.0,4566.0,94.0,173.0,43.0,118.0,46.0,27.0,15.0,5,3,6,5,0,5,1
55.0,3,1,1,1,62513.0,716.0,4698.0,16.0,520.0,42.0,98.0,0.0,42.0,14.0,6,4,10,2,0,6,1
51.0,2,0,1,1,55635.0,590.0,4998.0,34.0,235.0,65.0,164.0,50.0,49.0,27.0,7,3,7,4,0,6,1
37.0,4,1,1,1,33454.0,169.0,4822.0,32.0,76.0,10.0,56.0,3.0,1.0,23.0,4,0,4,2,0,8,0
48.0,4,1,1,1,30351.0,46.0,4793.0,19.0,14.0,0.0,24.0,3.0,3.0,2.0,3,0,2,1,0,9,0
72.0,4,1,1,2,5648.0,49.0,4513.0,68.0,28.0,0.0,6.0,1.0,1.0,13.0,1,0,0,1,1,20,0
39.0,2,1,1,1,51381.5,19.0,4631.0,11.0,5.0,5.0,6.0,0.0,2.0,1.0,1,0,2,1,0,7,0
46.0,0,1,0,0,7500.0,61.0,4998.0,59.0,6.0,16.0,11.0,11.0,1.0,16.0,2,0,3,1,0,8,0
63.0,2,0,0,0,63033.0,1102.0,4631.0,82.0,194.0,61.0,480.0,120.5,81.0,30.0,3,4,8,1,0,2,2
70.0,3,0,1,2,59354.0,310.0,4631.0,53.0,233.0,2.0,53.0,3.0,5.0,14.0,6,1,5,3,0,6,1
35.0,2,1,0,0,17323.0,46.0,5032.0,38.0,3.0,14.0,17.0,6.0,1.0,5.0,1,0,3,1,0,8,0
76.0,4,0,0,0,82800.0,1315.0,4987.0,23.0,1006.0,22.0,115.0,59.0,68.0,45.0,7,6,12,1,2,3,2
42.0,2,1,1,2,41850.0,96.0,4957.0,51.0,53.0,5.0,19.0,2.0,13.0,4.0,3,0,3,3,0,8,0
76.0,2,1,0,0,37760.0,317.0,5072.0,20.0,84.0,5.0,38.0,120.5,12.0,28.0,4,1,6,2,0,7,1
73.0,3,1,1,1,76995.0,1782.0,4863.0,91.0,1012.0,80.0,498.0,0.0,16.0,126.5,11,4,9,2,1,5,1
37.0,1,0,1,1,33812.0,133.0,5008.0,86.0,4.0,17.0,19.0,30.0,24.0,39.0,2,1,3,2,0,6,0
40.0,2,1,0,0,37040.0,316.0,5095.0,41.0,86.0,2.0,73.0,69.0,38.0,48.0,4,2,5,1,0,8,1
43.0,2,1,1,1,2447.0,1730.0,4944.0,42.0,1.0,1.0,556.0,1.0,1.0,1.0,0,28,0,15,0,1,1
73.0,4,1,1,1,58607.0,972.0,4958.0,63.0,867.0,0.0,86.0,0.0,0.0,19.0,2,3,9,3,1,8,1
68.0,4,1,1,1,65324.0,544.0,4574.0,0.0,384.0,0.0,102.0,21.0,32.0,5.0,6,2,9,3,0,4,1
71.0,2,1,1,1,40689.0,444.0,4873.0,69.0,270.0,3.0,27.0,39.0,6.0,99.0,7,1,5,7,0,8,1
53.0,2,0,0,0,18589.0,75.0,4948.0,89.0,6.0,4.0,25.0,15.0,12.0,13.0,2,1,3,2,0,7,0
46.0,2,1,1,2,53359.0,257.0,4803.0,4.0,173.0,4.0,30.0,3.0,6.0,41.0,5,1,4,4,0,7,1
36.0,2,0,1,1,51381.5,637.0,4899.0,19.0,5.0,1.0,3.0,3.0,81.0,126.5,27,0,0,0,0,1,1
33.0,2,1,1,1,38360.0,131.0,4799.0,26.0,36.0,2.0,42.0,20.0,21.0,10.0,2,1,4,2,0,3,0
57.0,4,1,0,0,84618.0,1672.0,4624.0,96.0,684.0,81.0,556.0,21.0,66.0,0.0,6,9,10,1,1,2,2
33.0,3,0,0,0,10979.0,30.0,4443.0,34.0,8.0,4.0,10.0,2.0,2.0,4.0,3,0,3,2,0,5,0
59.0,3,1,0,0,38620.0,318.0,4819.0,56.0,112.0,17.0,44.0,34.0,22.0,89.0,2,5,3,1,0,3,2
52.0,2,1,1,1,40548.0,120.0,5032.0,31.0,110.0,0.0,5.0,2.0,0.0,3.0,2,1,4,2,1,5,0
70.0,4,0,1,2,46610.0,302.0,5013.0,8.0,96.0,12.0,96.0,33.0,22.0,43.0,4,1,6,6,0,6,1
76.0,3,1,0,0,68657.0,1196.0,4899.0,4.0,482.0,34.0,471.0,119.0,68.0,22.0,3,5,9,1,0,7,2
71.0,3,0,1,2,49389.0,65.0,4709.0,55.0,40.0,0.0,19.0,2.0,1.0,3.0,2,0,3,1,0,7,0
52.0,4,1,1,1,67353.0,913.0,4585.0,37.0,702.0,17.0,151.0,0.0,8.0,35.0,5,6,12,5,0,2,1
46.0,1,1,1,1,23718.0,81.0,4705.0,76.0,6.0,3.0,14.0,15.0,7.0,36.0,3,1,2,3,0,7,0
49.0,2,0,1,1,42429.0,67.0,4543.0,99.0,55.0,0.0,6.0,2.0,0.0,4.0,1,1,3,2,0,5,0
79.0,4,0,0,0,48948.0,902.0,4918.0,53.0,437.0,8.0,206.0,120.5,49.0,42.0,7,10,5,2,1,6,2
42.0,2,1,1,1,80011.0,1395.0,4831.0,3.0,421.0,76.0,536.0,82.0,81.0,102.0,8,6,5,2,0,4,2
37.0,3,1,1,1,20559.0,53.0,4879.0,88.0,13.0,1.0,29.0,3.0,0.0,7.0,2,0,3,2,0,8,0
65.0,2,1,1,1,21994.0,22.0,4957.0,4.0,9.0,0.0,6.0,3.0,1.0,3.0,0,0,3,1,0,5,0
63.0,4,0,0,0,51381.5,186.0,4641.0,80.0,81.0,11.0,50.0,3.0,2.0,39.0,1,3,4,1,0,2,0
47.0,3,1,1,1,7500.0,31.0,4675.0,19.0,3.0,1.0,10.0,3.0,2.0,12.0,2,0,3,3,0,5,0
46.0,2,0,0,0,79941.0,984.0,4406.0,72.0,123.0,81.0,266.0,120.5,30.0,126.5,2,4,9,1,0,1,2
26.0,1,1,0,0,7500.0,122.0,5002.0,24.0,3.0,18.0,14.0,15.0,22.0,50.0,3,1,3,3,0,9,0
54.0,2,1,1,1,41728.0,55.0,4806.0,92.0,13.0,6.0,15.0,3.0,5.0,13.0,2,0,2,1,0,10,0
71.0,2,0,1,3,51381.5,124.0,4584.0,96.0,48.0,5.0,48.0,6.0,10.0,7.0,2,1,4,3,0,6,0
68.0,4,1,1,2,72550.0,1319.0,5003.0,39.0,826.0,50.0,317.0,50.0,38.0,38.0,5,2,12,9,0,8,1
65.0,2,0,1,1,65486.0,507.0,4453.0,29.0,245.0,19.0,125.0,37.0,67.0,14.0,4,2,10,1,0,2,2
58.0,3,1,0,0,79143.0,1693.0,5092.0,2.0,650.0,37.0,556.0,27.0,81.0,32.0,6,9,13,1,0,3,2
45.0,2,0,1,1,35790.0,72.0,4948.0,54.0,12.0,6.0,20.0,30.0,1.0,3.0,2,0,3,2,0,7,0
45.0,2,0,0,0,82582.0,1617.0,4427.0,54.0,510.0,81.0,550.0,120.5,40.0,126.5,4,9,7,1,2,1,2
44.0,2,1,1,2,66373.0,606.0,4787.0,57.0,328.0,9.0,124.0,12.0,24.0,109.0,4,2,10,7,0,3,1
67.0,3,1,0,0,82384.0,1957.0,4992.0,55.0,984.0,51.0,432.0,120.5,81.0,126.5,3,10,13,1,1,1,2
56.0,2,0,0,0,70287.0,1093.0,4858.0,30.0,295.0,35.0,482.0,120.5,81.0,40.0,5,5,10,1,0,3,2
34.0,2,0,1,1,27938.0,29.0,4467.0,31.0,13.0,0.0,8.0,2.0,1.0,5.0,1,0,4,1,0,3,0
40.0,2,0,1,1,51381.5,46.0,4782.0,57.0,11.0,3.0,22.0,2.0,2.0,6.0,2,0,3,2,0,6,0
54.0,4,1,1,1,55954.0,518.0,4523.0,63.0,447.0,0.0,28.0,0.0,0.0,43.0,8,2,6,3,0,7,1
40.0,3,0,0,0,75777.0,1438.0,4765.0,12.0,712.0,26.0,538.0,69.0,13.0,80.0,3,6,11,1,2,1,2
47.0,2,1,1,2,66653.0,612.0,5065.0,18.0,452.0,18.0,102.0,16.0,18.0,6.0,4,2,12,4,0,3,1
70.0,2,0,1,1,61823.0,884.0,4901.0,26.0,523.0,7.0,134.0,37.0,14.0,126.5,8,2,10,4,0,7,1
71.0,4,0,1,1,67680.0,606.0,4788.0,8.0,546.0,0.0,48.0,0.0,6.0,6.0,7,3,8,1,0,5,1
74.0,2,1,0,0,70666.0,1076.0,4610.0,29.0,398.0,40.0,367.0,119.0,81.0,30.0,7,4,4,1,0,4,2
51.0,2,1,1,1,25721.0,34.0,4809.0,75.0,1.0,3.0,6.0,3.0,6.0,15.0,1,1,2,1,0,7,0
55.0,2,1,1,2,32474.0,11.0,4454.0,0.0,10.0,0.0,1.0,0.0,0.0,0.0,1,0,2,1,0,7,0
43.0,1,0,1,1,88194.0,1274.0,4507.0,19.0,688.0,14.0,309.0,120.5,24.0,38.0,11,10,10,1,2,5,2
64.0,2,1,1,1,69096.0,653.0,4680.0,4.0,247.0,49.0,159.0,7.0,81.0,109.0,5,2,10,1,0,4,1
52.0,2,1,1,3,74854.0,1562.0,4852.0,90.0,856.0,59.0,487.0,58.0,29.0,73.0,2,5,5,7,0,5,1
68.0,3,1,0,0,66991.0,1253.0,5061.0,1.0,496.0,36.0,460.0,120.5,60.0,12.0,4,8,6,3,0,3,2
49.0,1,1,1,1,51381.5,109.0,5058.0,25.0,25.0,3.0,43.0,17.0,4.0,17.0,3,0,3,3,0,8,0
63.0,2,1,1,1,65031.0,863.0,4874.0,29.0,258.0,81.0,291.0,84.0,37.0,86.0,10,3,13,4,0,7,1
47.0,4,1,1,2,60631.0,661.0,4855.0,88.0,565.0,6.0,65.0,0.0,6.0,19.0,9,2,8,5,1,7,1
70.0,2,1,0,0,28332.0,65.0,4465.0,58.0,14.0,10.0,13.0,4.0,15.0,9.0,2,1,4,1,0,2,0
45.0,2,0,1,1,40246.0,13.0,4962.0,68.0,2.0,1.0,6.0,2.0,1.0,1.0,1,0,2,1,0,6,0
50.0,3,1,0,0,75251.0,1890.0,5076.0,34.0,721.0,81.0,556.0,97.0,18.0,18.0,7,6,5,1,0,5,2
46.0,2,0,0,0,75825.0,2209.0,5030.0,40.0,1032.0,81.0,556.0,120.5,81.0,51.0,5,8,9,0,1,4,2
46.0,1,1,0,0,26326.0,18.0,4703.0,12.0,1.0,0.0,5.0,0.0,3.0,9.0,0,0,3,1,0,3,0
57.0,2,1,0,0,56046.0,692.0,4948.0,9.0,577.0,0.0,64.0,0.0,0.0,51.0,10,1,8,2,1,8,1
37.0,2,0,1,1,29760.0,165.0,5074.0,87.0,64.0,4.0,68.0,7.0,5.0,17.0,3,1,4,4,0,8,0
53.0,2,1,1,1,26304.0,16.0,4776.0,5.0,4.0,1.0,5.0,2.0,0.0,4.0,1,0,2,1,0,7,0
49.0,1,1,1,1,23559.0,79.0,4766.0,87.0,25.0,5.0,19.0,7.0,0.0,23.0,3,0,3,3,0,7,0
59.0,3,1,0,0,38620.0,318.0,4819.0,56.0,112.0,17.0,44.0,34.0,22.0,89.0,2,5,3,1,0,3,2
35.0,2,0,0,0,81361.0,778.0,4529.0,18.0,163.0,23.0,424.0,27.0,65.0,76.0,3,10,13,1,0,1,2
62.0,2,1,1,2,29440.0,56.0,4727.0,95.0,17.0,8.0,14.0,10.0,4.0,3.0,1,0,4,2,0,7,0
52.0,3,1,1,2,36138.0,151.0,4753.0,48.0,130.0,0.0,16.0,0.0,0.0,5.0,3,1,4,5,1,7,0
65.0,2,0,1,1,50388.0,372.0,4437.0,3.0,292.0,6.0,37.0,0.0,3.0,34.0,6,1,6,4,2,7,1
49.0,2,1,0,0,79593.0,1366.0,4453.0,70.0,350.0,60.0,556.0,110.0,81.0,126.5,5,6,7,1,1,2,2
55.0,2,1,1,1,54178.0,194.0,4564.0,79.0,135.0,9.0,39.0,4.0,0.0,7.0,2,2,5,1,0,2,0
65.0,4,1,1,3,51381.5,603.0,4992.0,4.0,230.0,42.0,192.0,49.0,37.0,53.0,7,2,8,12,0,9,1
65.0,2,0,1,2,51381.5,18.0,4438.0,45.0,7.0,0.0,8.0,2.0,0.0,1.0,1,0,2,1,0,7,0
49.0,3,1,0,0,51381.5,985.0,4623.0,87.0,445.0,37.0,359.0,98.0,28.0,18.0,2,4,8,1,0,1,2
50.0,3,0,1,1,42394.0,32.0,4503.0,69.0,15.0,2.0,10.0,0.0,1.0,4.0,1,0,3,1,0,7,0
52.0,4,1,1,1,23626.0,43.0,4441.0,84.0,27.0,2.0,14.0,0.0,0.0,0.0,3,1,3,3,0,5,0
39.0,2,1,1,1,30096.0,45.0,4443.0,30.0,5.0,3.0,11.0,12.0,5.0,9.0,2,0,3,1,0,6,0
62.0,2,0,1,1,47916.0,606.0,4989.0,72.0,505.0,0.0,26.0,0.0,0.0,75.0,7,4,6,5,1,6,1
50.0,2,0,1,2,51813.0,63.0,4849.0,37.0,51.0,2.0,7.0,0.0,1.0,2.0,2,0,3,2,0,7,0
71.0,1,1,0,0,78497.0,978.0,4615.0,44.0,207.0,26.0,447.0,75.0,0.0,126.5,5,7,12,1,1,2,2
39.0,4,1,0,0,50150.0,410.0,4779.0,32.0,135.0,46.0,92.0,65.0,61.0,11.0,5,2,7,2,0,5,2
62.0,1,0,1,1,47823.0,72.0,4746.0,0.0,53.0,1.0,5.0,2.0,1.0,10.0,2,0,3,2,0,8,0
63.0,4,0,1,1,34554.0,55.0,4496.0,43.0,41.0,1.0,6.0,2.0,0.0,5.0,2,0,3,2,0,6,0
43.0,2,1,1,1,85693.0,1169.0,4840.0,59.0,386.0,81.0,183.0,120.5,81.0,111.0,9,5,11,2,0,5,2
77.0,4,1,0,0,65846.0,1120.0,4813.0,68.0,562.0,81.0,276.0,80.0,40.0,81.0,6,3,6,1,0,4,2
63.0,2,1,0,0,87195.0,1097.0,4457.0,35.0,217.0,76.0,556.0,50.0,26.0,38.0,3,11,5,1,0,1,2
43.0,0,1,1,1,24594.0,29.0,4606.0,94.0,1.0,3.0,6.0,10.0,0.0,9.0,1,0,3,1,0,5,0
58.0,2,1,1,2,49096.0,187.0,4683.0,15.0,144.0,1.0,32.0,2.0,1.0,7.0,4,1,4,4,0,7,0
53.0,2,1,1,2,52413.0,910.0,4917.0,56.0,295.0,81.0,271.0,75.0,81.0,65.0,6,4,12,4,0,6,1
44.0,2,0,1,1,38557.0,145.0,4962.0,17.0,76.0,3.0,31.0,4.0,4.0,27.0,3,1,3,2,0,7,0
62.0,3,1,0,0,89058.0,850.0,4974.0,18.0,454.0,81.0,106.0,31.0,22.0,43.0,5,4,4,1,0,2,2
43.0,2,1,1,1,77298.0,969.0,4644.0,46.0,425.0,81.0,292.0,23.0,35.0,79.0,6,6,11,1,0,3,2
31.0,4,0,0,0,68126.0,1820.0,5001.0,40.0,1225.0,17.0,311.0,23.0,51.0,86.0,7,4,5,1,1,9,2
59.0,3,1,1,1,57288.0,608.0,4409.0,27.0,527.0,0.0,21.0,0.0,0.0,60.0,8,1,8,3,1,6,1
31.0,2,0,0,0,86037.0,730.0,4948.0,95.0,490.0,44.0,125.0,29.0,20.0,22.0,6,7,11,1,2,3,2
42.0,4,1,1,1,43974.0,551.0,4969.0,19.0,378.0,0.0,101.0,0.0,0.0,72.0,6,4,6,5,0,7,1
60.0,2,0,1,2,50785.0,114.0,4697.0,27.0,64.0,1.0,21.0,0.0,1.0,27.0,2,1,3,2,0,6,0
52.0,2,1,0,0,90765.0,1724.0,4561.0,25.0,547.0,81.0,556.0,120.5,81.0,33.0,4,6,5,0,2,1,2
44.0,1,1,1,1,36550.0,577.0,4900.0,74.0,47.0,81.0,94.0,120.5,81.0,120.0,9,1,5,5,0,9,1
55.0,1,1,1,2,30753.0,81.0,4758.0,85.0,12.0,5.0,25.0,0.0,9.0,30.0,1,1,3,2,0,5,0
53.0,2,1,1,1,21918.0,33.0,4632.0,37.0,1.0,6.0,7.0,11.0,5.0,3.0,2,0,3,2,0,6,0
69.0,3,1,1,1,56129.0,660.0,4779.0,65.0,320.0,48.0,133.0,39.0,72.0,48.0,6,2,10,4,0,4,1
55.0,3,0,1,1,32557.0,80.0,4530.0,13.0,34.0,3.0,29.0,0.0,4.0,10.0,2,1,3,3,0,5,0
37.0,3,1,1,2,19510.0,30.0,4703.0,63.0,9.0,0.0,7.0,3.0,4.0,7.0,1,0,3,2,0,7,0
46.0,2,0,1,1,30992.0,43.0,4838.0,83.0,17.0,0.0,14.0,7.0,3.0,2.0,1,0,3,1,0,7,0
39.0,2,0,0,0,101970.0,1135.0,4879.0,69.0,722.0,27.0,102.0,44.0,72.0,126.5,6,8,13,0,3,2,2
57.0,1,1,0,0,71488.0,559.0,4901.0,87.0,162.0,33.0,124.0,40.0,28.0,126.5,3,4,7,2,0,1,2
38.0,2,0,0,0,79607.0,1923.0,4839.0,37.0,450.0,81.0,556.0,120.5,0.0,126.5,3,6,6,1,0,1,2
69.0,3,1,1,2,54348.0,90.0,4426.0,51.0,70.0,0.0,16.0,0.0,0.0,4.0,2,0,4,2,0,6,0
61.0,4,1,1,1,51381.5,404.0,4758.0,23.0,352.0,0.0,27.0,10.0,0.0,15.0,6,1,7,3,0,6,1
66.0,4,1,1,2,77376.0,661.0,4455.0,72.0,492.0,19.0,110.0,16.0,12.0,12.0,6,3,10,4,0,4,1
70.0,2,1,1,1,62998.0,463.0,4677.0,10.0,120.0,58.0,73.0,65.0,81.0,58.0,5,4,5,5,0,5,1
64.0,3,0,1,2,61331.0,632.0,4881.0,42.0,534.0,5.0,47.0,0.0,5.0,41.0,11,1,6,5,0,8,1
53.0,2,1,0,0,73448.0,725.0,4544.0,10.0,236.0,81.0,189.0,23.0,41.0,126.5,7,2,9,1,0,4,2
59.0,2,1,1,1,51381.5,725.0,4727.0,96.0,231.0,65.0,196.0,38.0,71.0,124.0,6,5,7,1,0,4,1
58.0,4,1,1,2,41551.0,279.0,4724.0,51.0,220.0,0.0,33.0,3.0,0.0,23.0,5,1,5,5,0,8,1
55.0,4,1,0,0,62981.0,1482.0,4874.0,21.0,796.0,14.0,556.0,38.0,44.0,0.0,4,5,13,1,1,3,2
46.0,0,0,1,1,9548.0,29.0,5095.0,31.0,0.0,1.0,3.0,10.0,6.0,9.0,1,0,3,2,0,8,0
63.0,4,1,1,3,33762.0,106.0,4762.0,61.0,53.0,1.0,34.0,2.0,0.0,16.0,2,2,2,3,0,8,0
49.0,4,0,1,2,35860.0,49.0,4446.0,37.0,15.0,0.0,8.0,4.0,2.0,20.0,1,1,2,2,1,5,0
57.0,4,0,1,2,36921.0,38.0,4741.0,74.0,17.0,1.0,12.0,3.0,1.0,4.0,2,0,3,2,0,7,0
30.0,3,0,0,0,92859.0,2077.0,5023.0,46.0,962.0,61.0,556.0,52.0,61.0,20.0,5,4,12,1,0,2,2
46.0,3,1,1,1,65104.0,1053.0,4632.0,4.0,738.0,0.0,232.0,13.0,20.0,50.0,3,5,7,2,0,7,1
60.0,2,1,0,0,86111.0,1385.0,4841.0,73.0,399.0,28.0,556.0,36.0,40.0,126.0,5,7,10,1,0,2,2
48.0,4,0,1,1,68352.0,871.0,4710.0,47.0,614.0,16.0,132.0,43.0,33.0,33.0,8,5,9,3,0,6,1
34.0,2,1,1,1,41883.0,312.0,4872.0,13.0,32.0,34.0,41.0,73.0,16.0,116.0,4,2,3,3,0,7,1
46.0,2,1,1,2,59809.0,877.0,5024.0,36.0,598.0,16.0,141.0,32.0,41.0,49.0,3,3,6,3,0,8,1
47.0,2,1,1,1,23957.0,68.0,5014.0,47.0,2.0,1.0,18.0,20.0,11.0,16.0,2,0,3,1,0,6,0
41.0,2,1,1,1,38547.0,22.0,4710.0,49.0,6.0,1.0,10.0,0.0,1.0,4.0,1,0,2,1,0,8,0
49.0,1,1,1,3,35688.0,211.0,5081.0,94.0,73.0,3.0,90.0,12.0,1.0,32.0,4,1,4,7,0,8,1
56.0,3,1,0,0,49605.0,127.0,4413.0,65.0,42.0,16.0,29.0,12.0,20.0,8.0,2,1,4,1,0,3,0
69.0,3,1,1,2,59354.0,459.0,4471.0,59.0,295.0,21.0,78.0,39.0,13.0,13.0,4,4,7,1,0,3,1
53.0,2,1,1,1,65747.0,460.0,4519.0,96.0,346.0,17.0,48.0,23.0,13.0,13.0,8,1,6,4,1,6,1
50.0,1,1,1,1,46344.0,429.0,4967.0,28.0,233.0,20.0,57.0,8.0,20.0,91.0,7,1,5,4,0,7,1
34.0,2,0,1,1,34176.0,89.0,4453.0,12.0,5.0,7.0,24.0,19.0,14.0,20.0,3,0,4,4,0,6,0
70.0,4,1,1,1,61010.0,1021.0,5033.0,57.0,888.0,0.0,57.0,0.0,0.0,76.0,8,5,11,2,0,5,1
73.0,2,1,0,0,69372.0,1381.0,4900.0,10.0,997.0,26.0,269.0,34.0,13.0,42.0,10,4,6,1,2,4,2
64.0,2,0,1,1,49967.0,306.0,4761.0,4.0,212.0,6.0,69.0,4.0,12.0,3.0,6,1,5,3,0,7,1
44.0,2,0,1,3,60199.0,18.0,4695.0,49.0,8.0,1.0,7.0,2.0,0.0,0.0,0,0,3,1,0,4,0
45.0,2,1,1,1,55375.0,162.0,4660.0,3.0,42.0,11.0,57.0,10.0,28.0,14.0,1,1,6,1,0,2,0
67.0,2,0,0,0,80317.0,1231.0,4718.0,64.0,536.0,11.0,387.0,120.5,81.0,57.0,3,4,10,1,0,1,2
64.0,3,0,1,3,30523.0,13.0,4768.0,0.0,5.0,0.0,3.0,0.0,0.0,5.0,1,0,2,1,0,7,0
77.0,4,1,0,0,70356.0,1706.0,5006.0,20.0,1225.0,16.0,249.0,43.0,16.0,33.0,10,6,9,2,0,6,2
38.0,2,1,1,1,23228.0,121.0,4580.0,91.0,53.0,3.0,49.0,7.0,4.0,5.0,3,0,4,4,0,8,0
47.0,4,0,0,0,74165.0,1293.0,4829.0,9.0,1001.0,12.0,240.0,16.0,12.0,12.0,5,4,10,1,0,2,2
49.0,4,1,1,1,117416.25,1608.0,4525.0,98.0,20.0,2.0,556.0,1.0,2.0,1.0,0,22,0,15,0,0,1
56.0,2,1,1,3,43482.0,88.0,4633.0,83.0,18.0,1.0,32.0,6.0,3.0,28.0,2,0,4,3,0,6,0
69.0,2,0,0,0,62551.0,421.0,4628.0,27.0,125.0,16.0,98.0,120.5,21.0,27.0,6,7,4,1,1,3,2
63.0,2,0,0,0,52332.0,259.0,4710.0,63.0,212.0,5.0,33.0,7.0,0.0,2.0,3,2,6,1,1,4,0
34.0,2,0,0,0,66951.0,1117.0,4644.0,46.0,277.0,81.0,305.0,120.5,76.0,124.0,3,4,7,1,0,1,2
65.0,2,1,1,2,26091.0,89.0,4529.0,84.0,15.0,10.0,19.0,8.0,17.0,20.0,2,1,3,3,0,5,0
57.0,2,1,1,2,33456.0,36.0,4474.0,58.0,7.0,3.0,10.0,8.0,1.0,7.0,1,0,3,2,0,7,0
40.0,2,1,1,1,28718.0,57.0,4756.0,78.0,12.0,4.0,6.0,11.0,8.0,16.0,2,0,3,2,0,8,0
52.0,2,1,1,2,50447.0,148.0,4474.0,4.0,85.0,7.0,24.0,2.0,3.0,27.0,3,1,3,1,0,6,0
63.0,4,1,1,2,53537.0,93.0,4555.0,17.0,81.0,0.0,6.0,0.0,0.0,6.0,2,1,3,2,0,5,0
55.0,2,0,1,1,52074.0,119.0,4491.0,77.0,59.0,0.0,12.0,0.0,0.0,48.0,2,2,2,1,1,4,0
47.0,4,1,1,1,80427.0,1835.0,5060.0,56.0,1149.0,71.0,449.0,69.0,71.0,26.0,11,8,8,1,0,5,2
74.0,4,1,0,0,83837.0,1318.0,4965.0,79.0,847.0,66.0,119.0,86.0,81.0,111.0,9,10,5,1,2,4,2
52.0,4,1,1,2,38853.0,45.0,4442.0,90.0,29.0,0.0,14.0,0.0,0.0,2.0,2,0,3,2,0,7,0
63.0,2,1,1,3,38285.0,10.0,4410.0,96.0,2.0,0.0,5.0,2.0,0.0,1.0,0,0,3,1,0,2,0
71.0,1,1,0,0,78497.0,978.0,4615.0,44.0,207.0,26.0,447.0,75.0,0.0,126.5,5,7,12,1,1,2,2
46.0,4,1,1,1,51650.0,191.0,4454.0,81.0,152.0,3.0,22.0,2.0,5.0,7.0,4,1,4,1,0,5,0
34.0,1,1,1,1,16248.0,57.0,4455.0,77.0,12.0,11.0,10.0,3.0,12.0,9.0,2,1,3,3,0,6,0
76.0,3,1,0,0,66835.0,1033.0,4679.0,21.0,620.0,26.0,195.0,34.0,17.0,126.5,6,4,13,1,0,2,2
38.0,3,1,1,1,30477.0,66.0,4563.0,16.0,47.0,1.0,6.0,0.0,0.0,12.0,1,1,3,1,0,6,0
61.0,0,1,0,0,28249.0,43.0,4419.0,80.0,1.0,9.0,7.0,2.0,14.0,10.0,2,0,3,1,0,6,0
39.0,2,1,1,1,25271.0,50.0,4976.0,45.0,10.0,1.0,18.0,10.0,4.0,7.0,1,1,2,1,0,9,0
52.0,4,0,1,1,32303.0,39.0,4518.0,63.0,35.0,0.0,2.0,0.0,0.0,2.0,1,0,4,2,0,5,0
56.0,2,1,1,1,61286.0,608.0,4736.0,34.0,356.0,0.0,107.0,19.0,9.0,117.0,7,1,8,2,0,5,1
46.0,2,1,0,0,74068.0,1581.0,4872.0,14.0,783.0,30.0,537.0,120.5,76.0,15.0,4,10,9,1,0,2,2
58.0,4,1,1,2,45759.0,68.0,4896.0,13.0,42.0,1.0,18.0,3.0,0.0,4.0,2,0,3,2,0,7,0
44.0,0,1,1,1,24882.0,80.0,5063.0,52.0,1.0,4.0,10.0,29.0,0.0,36.0,1,1,2,1,1,6,0
33.0,4,1,0,0,66973.0,1282.0,4813.0,98.0,466.0,22.0,432.0,120.5,81.0,102.0,8,7,12,1,0,3,2
90.0,1,0,1,1,36640.0,65.0,4681.0,99.0,15.0,6.0,8.0,7.0,4.0,25.0,2,1,2,1,0,5,0
34.0,2,1,1,1,38872.0,91.0,4800.0,93.0,23.0,3.0,21.0,3.0,19.0,22.0,3,0,3,2,0,8,0
49.0,2,1,1,2,51148.0,315.0,4901.0,38.0,235.0,6.0,45.0,8.0,9.0,12.0,5,1,6,4,0,6,1
45.0,2,1,1,2,31353.0,31.0,4587.0,24.0,10.0,0.0,10.0,3.0,1.0,7.0,1,1,2,2,0,8,0
42.0,3,1,0,0,69661.0,834.0,4452.0,80.0,656.0,16.0,106.0,32.0,16.0,8.0,7,3,12,1,0,3,2
68.0,2,1,0,0,80067.0,1600.0,4688.0,82.0,519.0,17.0,556.0,27.0,81.0,51.0,4,6,6,1,1,2,2
68.0,2,1,0,0,86718.0,1270.0,4933.0,20.0,344.0,81.0,482.0,50.0,33.0,126.5,5,6,5,1,0,2,2
49.0,4,0,1,2,46854.0,263.0,4495.0,81.0,96.0,1.0,79.0,7.0,1.0,79.0,5,1,3,6,1,8,1
70.0,2,0,1,1,69142.0,535.0,4405.0,50.0,448.0,4.0,34.0,6.0,4.0,39.0,8,1,7,3,1,5,1
54.0,2,0,0,0,75922.0,1295.0,4607.0,60.0,265.0,81.0,553.0,120.5,23.0,92.0,4,4,9,1,0,1,2
44.0,2,0,1,1,63693.0,1150.0,4663.0,63.0,587.0,43.0,337.0,42.0,81.0,54.0,11,6,9,3,0,6,1
45.0,4,1,0,0,102160.0,1240.0,5009.0,54.0,763.0,29.0,138.0,76.0,81.0,58.0,7,9,10,0,3,4,2
57.0,4,0,1,2,40637.0,38.0,4752.0,72.0,22.0,0.0,13.0,0.0,0.0,3.0,1,0,3,2,0,7,0
38.0,3,0,0,0,18890.0,35.0,5001.0,5.0,6.0,4.0,1.0,7.0,2.0,15.0,0,1,2,1,1,6,0
34.0,2,1,1,1,29604.0,53.0,4608.0,88.0,7.0,6.0,13.0,7.0,6.0,14.0,1,0,3,1,1,9,0
59.0,3,0,1,2,48721.0,293.0,4817.0,50.0,81.0,18.0,113.0,47.0,13.0,21.0,4,2,5,6,0,6,1
56.0,2,1,1,1,44794.0,65.0,4426.0,99.0,54.0,0.0,7.0,0.0,0.0,4.0,2,0,3,1,0,6,0
68.0,2,0,1,1,64497.0,1804.0,5062.0,17.0,1170.0,48.0,320.0,42.0,32.0,126.5,11,4,9,5,1,8,1
66.0,2,1,1,1,46097.0,241.0,4860.0,11.0,72.0,24.0,68.0,65.0,4.0,8.0,3,1,6,5,0,4,1
68.0,2,1,0,0,77972.0,1101.0,4508.0,18.0,613.0,22.0,319.0,33.0,81.0,12.0,4,6,9,1,0,1,2
54.0,4,1,1,2,44377.0,264.0,5037.0,70.0,224.0,0.0,30.0,0.0,0.0,10.0,5,1,5,8,0,8,1
48.0,3,1,1,2,46014.0,541.0,4929.0,21.0,410.0,0.0,59.0,19.0,9.0,44.0,7,1,8,10,0,7,1
37.0,2,1,0,0,70951.0,1198.0,4826.0,66.0,239.0,10.0,554.0,120.5,81.0,54.0,3,4,9,1,0,1,2
45.0,2,1,1,1,41443.0,482.0,4494.0,79.0,171.0,7.0,171.0,25.0,19.0,89.0,8,1,5,6,0,8,1
44.0,1,0,1,3,52195.0,17.0,4453.0,2.0,12.0,0.0,4.0,0.0,0.0,1.0,1,0,2,1,0,8,0
74.0,3,1,0,0,83790.0,1615.0,4631.0,81.0,1076.0,16.0,417.0,42.0,48.0,16.0,8,10,6,1,2,3,2
68.0,3,0,1,1,44551.0,285.0,4707.0,24.0,182.0,4.0,33.0,0.0,0.0,66.0,4,1,5,2,0,7,0
42.0,2,1,1,1,69508.0,1135.0,4997.0,48.0,824.0,32.0,162.0,42.0,32.0,43.0,11,4,11,2,0,6,1
34.0,1,1,1,1,45204.0,114.0,4484.0,93.0,30.0,11.0,25.0,29.0,1.0,18.0,1,1,4,1,0,3,0
53.0,2,1,0,0,72460.0,1047.0,4632.0,56.0,377.0,10.0,540.0,80.0,30.0,10.0,3,5,7,1,0,1,2
52.0,4,1,1,2,77622.0,714.0,4481.0,3.0,520.0,7.0,154.0,19.0,0.0,14.0,6,3,11,2,0,3,1
42.0,4,1,1,1,30732.0,185.0,4945.0,44.0,155.0,1.0,25.0,0.0,1.0,3.0,4,1,4,4,0,8,0
60.0,2,0,1,1,63887.0,1245.0,5064.0,38.0,897.0,23.0,207.0,15.0,11.0,92.0,9,6,12,5,0,6,1
44.0,2,1,1,1,42011.0,189.0,4865.0,46.0,131.0,0.0,16.0,2.0,1.0,39.0,3,1,4,4,0,8,0
46.0,2,1,1,1,51369.0,576.0,5017.0,84.0,297.0,7.0,79.0,0.0,11.0,126.5,8,2,4,2,0,8,1
70.0,2,0,1,1,51537.0,1103.0,4972.0,27.0,787.0,20.0,204.0,0.0,0.0,92.0,2,2,11,3,0,8,1
50.0,4,1,0,0,79930.0,1753.0,5095.0,72.0,792.0,81.0,556.0,67.0,51.0,17.0,3,5,8,1,0,2,2
36.0,4,1,1,1,34320.0,17.0,4538.0,66.0,4.0,1.0,9.0,3.0,0.0,0.0,1,0,2,1,0,8,0
56.0,2,0,1,2,37070.0,433.0,4871.0,30.0,231.0,7.0,137.0,4.0,15.0,39.0,5,1,8,9,0,7,1
60.0,1,0,1,1,81975.0,1588.0,4945.0,2.0,983.0,76.0,184.0,120.5,81.0,27.0,6,3,4,1,1,7,2
51.0,2,1,1,1,38590.0,22.0,4815.0,65.0,3.0,1.0,8.0,4.0,3.0,3.0,1,0,2,1,0,8,0
71.0,2,0,0,0,15033.0,19.0,4479.0,37.0,0.0,4.0,5.0,6.0,0.0,4.0,1,0,3,1,0,3,0
57.0,4,1,1,1,62745.0,1117.0,4868.0,89.0,562.0,21.0,464.0,28.0,10.0,32.0,7,8,11,3,0,5,1
47.0,1,1,1,1,22212.0,69.0,4607.0,49.0,5.0,9.0,20.0,6.0,8.0,21.0,2,0,4,2,0,6,0
40.0,3,1,1,1,23661.0,23.0,4612.0,46.0,18.0,0.0,4.0,0.0,0.0,1.0,1,0,3,1,0,7,0
64.0,4,0,1,1,79761.0,605.0,4673.0,32.0,415.0,5.0,124.0,15.0,35.0,11.0,5,2,11,1,0,3,1
49.0,2,0,1,1,7500.0,57.0,4590.0,54.0,5.0,3.0,10.0,12.0,7.0,20.0,3,1,3,4,0,7,0
90.0,1,0,1,1,60182.0,22.0,4448.0,23.0,8.0,0.0,5.0,7.0,0.0,2.0,1,0,2,1,0,4,0
54.0,2,0,0,0,73455.0,2088.0,4649.0,98.0,901.0,61.0,556.0,120.5,81.0,20.0,6,5,10,1,1,3,2
64.0,2,1,1,1,64961.0,1009.0,4958.0,97.0,382.0,81.0,276.0,75.0,81.0,38.0,6,4,4,2,0,3,1
51.0,2,0,1,1,22804.0,26.0,4738.0,75.0,14.0,1.0,7.0,2.0,1.0,1.0,2,0,2,1,0,9,0
32.0,2,1,0,0,73687.0,1627.0,4618.0,8.0,559.0,81.0,503.0,120.5,13.0,126.5,3,9,9,1,1,2,2
64.0,2,1,1,1,61074.0,1102.0,5086.0,37.0,789.0,0.0,133.0,0.0,28.0,126.5,11,5,8,7,0,7,1
58.0,4,1,1,2,31686.0,17.0,4429.0,31.0,11.0,0.0,5.0,0.0,0.0,1.0,1,0,3,2,0,6,0
50.0,2,1,1,1,80134.0,1690.0,4810.0,40.0,1218.0,16.0,272.0,104.0,0.0,80.0,5,3,6,2,3,6,1
69.0,2,1,1,1,75027.0,1390.0,4941.0,74.0,925.0,64.0,179.0,120.5,12.0,77.0,9,4,6,2,0,5,1
34.0,4,1,0,0,67546.0,2126.0,5072.0,90.0,864.0,81.0,556.0,120.5,38.0,126.5,4,10,5,1,0,3,2
53.0,3,1,1,1,65176.0,1531.0,5013.0,57.0,960.0,28.0,183.0,120.5,70.0,70.0,9,6,6,4,0,6,1
47.0,3,0,1,1,31160.0,64.0,4691.0,59.0,16.0,3.0,25.0,6.0,1.0,13.0,2,0,3,2,0,8,0
37.0,2,0,1,1,29938.0,26.0,4650.0,52.0,3.0,3.0,7.0,0.0,2.0,11.0,1,0,3,2,0,6,0
48.0,2,0,0,0,102692.0,1112.0,4855.0,5.0,168.0,81.0,444.0,32.0,81.0,126.5,6,9,13,1,4,2,2
64.0,1,1,0,0,26490.0,210.0,5050.0,92.0,45.0,47.0,52.0,21.0,20.0,25.0,3,1,5,2,0,6,1
55.0,2,1,1,2,75702.0,1148.0,5074.0,77.0,650.0,28.0,353.0,45.0,42.0,30.0,4,6,11,5,0,8,1
48.0,4,0,1,1,30899.0,33.0,5029.0,35.0,24.0,0.0,8.0,0.0,0.0,1.0,1,0,3,2,0,6,0
61.0,4,1,1,1,63342.0,1101.0,5026.0,48.0,918.0,21.0,118.0,13.0,10.0,21.0,8,3,5,3,1,6,1
58.0,2,0,1,1,45989.0,322.0,5020.0,97.0,138.0,33.0,87.0,28.0,24.0,12.0,3,2,7,4,0,3,1
58.0,2,0,1,2,18701.0,44.0,4795.0,95.0,12.0,4.0,2.0,10.0,6.0,10.0,2,0,4,4,0,5,0
65.0,4,0,1,3,40737.0,17.0,4608.0,24.0,11.0,0.0,4.0,0.0,0.0,2.0,1,0,2,1,0,8,0
43.0,2,0,1,1,15287.0,31.0,5032.0,60.0,1.0,2.0,8.0,4.0,3.0,13.0,1,1,2,2,1,7,0
54.0,4,0,1,2,69674.0,845.0,4808.0,46.0,554.0,41.0,215.0,11.0,0.0,24.0,10,2,10,3,0,5,1
52.0,3,1,1,1,44159.0,275.0,4417.0,85.0,167.0,2.0,62.0,24.0,13.0,7.0,4,1,6,4,0,5,1
44.0,4,1,1,1,37717.0,25.0,4988.0,31.0,9.0,0.0,6.0,4.0,1.0,5.0,1,0,2,1,0,9,0
70.0,3,1,1,2,43776.0,275.0,4916.0,9.0,177.0,2.0,71.0,3.0,2.0,20.0,5,2,4,6,0,8,1
56.0,3,1,1,2,38179.0,90.0,4877.0,30.0,38.0,4.0,22.0,4.0,2.0,20.0,3,1,3,4,0,7,0
59.0,2,1,0,0,80124.0,1495.0,4408.0,47.0,483.0,81.0,398.0,120.5,81.0,126.5,3,7,8,1,1,1,2
52.0,4,1,1,2,38097.0,184.0,5027.0,70.0,77.0,2.0,35.0,0.0,1.0,69.0,3,2,2,4,1,7,0
52.0,2,1,0,0,72940.0,981.0,4780.0,13.0,182.0,74.0,298.0,120.5,81.0,116.0,3,3,6,1,0,1,2
52.0,2,1,1,1,22070.0,67.0,4673.0,11.0,10.0,7.0,19.0,8.0,2.0,21.0,2,2,2,2,0,6,0
69.0,2,0,0,0,69267.0,1635.0,5050.0,31.0,778.0,44.0,499.0,95.0,73.0,126.5,3,4,5,2,0,7,2
39.0,3,0,1,1,31788.0,60.0,4506.0,15.0,16.0,7.0,23.0,0.0,8.0,6.0,3,0,4,3,0,5,0
47.0,4,1,1,1,61905.0,231.0,4550.0,2.0,167.0,0.0,43.0,6.0,2.0,13.0,4,2,4,2,0,5,0
62.0,2,1,1,2,29315.0,48.0,4489.0,55.0,13.0,2.0,14.0,8.0,7.0,4.0,2,0,4,4,0,6,0
59.0,2,0,1,2,33378.0,99.0,4913.0,38.0,33.0,6.0,40.0,3.0,7.0,10.0,2,0,4,3,0,7,0
59.0,4,1,1,1,66313.0,770.0,4691.0,86.0,625.0,7.0,99.0,10.0,22.0,7.0,6,3,12,2,0,4,1
66.0,2,0,0,0,60714.0,957.0,4933.0,56.0,216.0,81.0,224.0,101.0,81.0,126.5,7,4,10,2,0,5,2
41.0,3,1,0,0,77882.0,818.0,4465.0,29.0,68.0,81.0,396.0,120.5,22.0,15.0,3,3,5,1,0,1,2
36.0,4,0,0,0,69867.0,925.0,4858.0,30.0,196.0,0.0,512.0,33.0,81.0,54.0,3,5,8,1,1,1,2
54.0,3,0,1,1,63841.0,908.0,4839.0,64.0,635.0,15.0,100.0,20.0,7.0,126.5,9,3,9,1,0,6,1
41.0,0,1,1,1,24480.0,102.0,4908.0,46.0,4.0,19.0,9.0,28.0,25.0,17.0,3,0,4,3,0,7,0
46.0,2,1,1,1,51369.0,576.0,5017.0,84.0,297.0,7.0,79.0,0.0,11.0,126.5,8,2,4,2,0,8,1
76.0,2,1,0,0,37760.0,317.0,5072.0,20.0,84.0,5.0,38.0,120.5,12.0,28.0,4,1,6,2,0,7,1
48.0,4,1,1,1,65640.0,461.0,4525.0,74.0,204.0,7.0,149.0,20.0,15.0,66.0,5,1,8,1,0,2,1
47.0,3,1,1,2,44319.0,37.0,4478.0,18.0,26.0,0.0,8.0,0.0,0.0,3.0,2,0,3,2,0,5,0
48.0,2,1,1,1,30631.0,70.0,4757.0,75.0,15.0,6.0,20.0,4.0,5.0,20.0,3,1,2,1,0,7,0
70.0,2,1,0,0,75278.0,930.0,4921.0,17.0,304.0,81.0,230.0,120.5,74.0,74.0,6,3,13,1,0,3,2
66.0,3,1,1,2,50898.0,859.0,4942.0,88.0,285.0,28.0,242.0,55.0,81.0,126.5,6,2,12,13,0,5,1
56.0,2,0,0,0,79946.0,1478.0,4453.0,19.0,395.0,81.0,556.0,120.5,81.0,28.0,5,11,5,1,0,3,2
73.0,3,0,0,0,35416.0,390.0,4786.0,62.0,248.0,3.0,81.0,4.0,3.0,51.0,7,1,5,3,0,8,1
38.0,1,1,0,0,32414.0,52.0,4765.0,11.0,20.0,6.0,5.0,0.0,9.0,12.0,1,0,3,1,1,7,0
53.0,2,1,1,1,38361.0,137.0,4589.0,74.0,39.0,0.0,56.0,20.0,8.0,14.0,3,1,3,3,0,7,0
42.0,2,1,0,0,82497.0,1919.0,5011.0,32.0,777.0,81.0,556.0,120.5,21.0,126.5,2,7,9,1,1,4,2
51.0,2,1,1,2,16626.0,68.0,4570.0,76.0,8.0,3.0,22.0,21.0,1.0,13.0,3,0,3,3,0,9,0
57.0,2,1,1,2,29672.0,25.0,4879.0,6.0,9.0,1.0,3.0,0.0,4.0,8.0,0,0,3,1,0,6,0
70.0,3,1,1,1,55951.0,1374.0,5080.0,62.0,1225.0,0.0,80.0,0.0,13.0,40.0,3,6,11,3,2,8,1
34.0,1,0,1,1,35388.0,32.0,4884.0,20.0,6.0,4.0,7.0,4.0,3.0,8.0,1,0,3,1,0,7,0
36.0,3,1,1,1,42386.0,100.0,4937.0,43.0,65.0,4.0,16.0,0.0,4.0,11.0,3,0,3,1,0,8,0
40.0,2,0,0,0,68627.0,825.0,4938.0,45.0,395.0,15.0,263.0,60.0,54.0,38.0,2,3,6,1,0,1,2
57.0,4,0,1,1,57912.0,916.0,4509.0,34.0,801.0,0.0,80.0,0.0,0.0,35.0,8,3,12,5,1,5,1
64.0,2,0,1,2,35246.0,62.0,4479.0,53.0,36.0,0.0,12.0,2.0,2.0,10.0,3,1,3,4,0,5,0
66.0,1,1,1,1,58821.0,728.0,4665.0,44.0,513.0,14.0,154.0,19.0,0.0,28.0,9,2,9,1,0,6,1
44.0,4,1,1,1,46377.0,90.0,4525.0,89.0,37.0,0.0,46.0,4.0,3.0,0.0,2,1,3,1,0,4,0
34.0,2,0,1,1,39747.0,273.0,4482.0,43.0,80.0,15.0,93.0,20.0,13.0,52.0,5,1,4,3,0,8,1
38.0,2,1,1,1,23976.0,66.0,4589.0,68.0,14.0,1.0,21.0,2.0,3.0,25.0,3,1,3,3,0,7,0
61.0,3,1,0,0,80950.0,1213.0,4863.0,44.0,525.0,81.0,112.0,120.5,81.0,63.0,6,7,9,1,1,2,2
56.0,2,0,0,0,27038.0,107.0,5054.0,64.0,1.0,26.0,25.0,17.0,23.0,15.0,3,0,3,1,0,9,0
75.0,2,0,0,0,77457.0,1157.0,4521.0,85.0,675.0,11.0,400.0,15.0,45.0,11.0,2,5,10,1,1,1,2
58.0,3,1,1,1,64100.0,546.0,4697.0,93.0,509.0,0.0,27.0,0.0,0.0,10.0,8,3,6,1,1,7,1
30.0,3,1,0,0,42670.0,241.0,4833.0,12.0,154.0,2.0,46.0,20.0,4.0,15.0,4,2,4,1,0,4,0
46.0,2,0,1,1,12571.0,53.0,4567.0,86.0,3.0,5.0,14.0,2.0,12.0,17.0,3,1,3,4,0,6,0
55.0,2,1,1,3,22574.0,37.0,4649.0,28.0,25.0,0.0,8.0,2.0,0.0,2.0,2,0,3,2,0,7,0
33.0,2,1,0,0,51381.5,1611.0,4796.0,69.0,861.0,81.0,461.0,60.0,30.0,61.0,6,5,12,1,2,3,2
46.0,3,0,0,0,70893.0,1508.0,4913.0,42.0,768.0,44.0,556.0,77.0,44.0,14.0,6,6,10,1,0,3,2
56.0,2,1,1,2,54198.0,235.0,4599.0,13.0,185.0,0.0,28.0,3.0,2.0,17.0,3,1,6,6,0,4,0
66.0,3,1,1,2,28839.0,32.0,4515.0,86.0,24.0,0.0,7.0,0.0,0.0,1.0,2,0,3,2,0,5,0
50.0,2,1,1,2,40321.0,102.0,4740.0,59.0,44.0,4.0,21.0,6.0,0.0,27.0,3,0,3,2,0,7,0
37.0,2,0,1,1,66503.0,401.0,5089.0,30.0,91.0,64.0,128.0,65.0,3.0,50.0,4,3,6,2,0,3,1
71.0,2,1,1,2,30833.0,28.0,4753.0,33.0,11.0,0.0,7.0,3.0,1.0,6.0,1,0,3,2,0,5,0
52.0,2,0,1,3,51381.5,1052.0,4715.0,67.0,738.0,20.0,172.0,52.0,50.0,20.0,2,3,10,6,2,7,1
51.0,2,1,1,1,64795.0,680.0,4933.0,23.0,412.0,5.0,119.0,38.0,29.0,77.0,3,3,12,3,0,2,1
48.0,2,1,1,1,34421.0,30.0,4768.0,81.0,3.0,3.0,7.0,6.0,2.0,9.0,1,0,2,1,0,7,0
57.0,4,0,1,2,47025.0,20.0,4545.0,6.0,16.0,0.0,3.0,0.0,0.0,1.0,1,0,2,1,0,7,0
61.0,4,0,1,1,64325.0,1307.0,4912.0,41.0,731.0,60.0,353.0,78.0,12.0,73.0,10,3,5,5,0,7,1
69.0,2,0,1,1,40464.0,630.0,4939.0,78.0,424.0,17.0,118.0,7.0,23.0,41.0,8,2,8,6,0,8,1
65.0,2,1,0,0,62187.0,1283.0,4764.0,49.0,792.0,0.0,275.0,45.0,45.0,126.0,4,8,5,1,0,3,2
46.0,4,0,1,1,14849.0,65.0,4767.0,39.0,21.0,2.0,28.0,3.0,2.0,9.0,2,0,4,3,0,8,0
38.0,2,1,1,1,27255.0,37.0,4639.0,3.0,22.0,1.0,11.0,0.0,1.0,2.0,1,0,3,1,0,7,0
72.0,4,1,1,3,54432.0,38.0,4821.0,37.0,33.0,0.0,5.0,0.0,0.0,0.0,1,0,3,1,0,4,0
36.0,4,0,1,1,29999.0,160.0,4906.0,22.0,68.0,7.0,59.0,10.0,5.0,11.0,3,1,4,4,0,8,0
39.0,2,0,1,1,24072.0,23.0,4844.0,79.0,9.0,1.0,6.0,3.0,0.0,4.0,1,0,2,1,0,8,0
33.0,4,0,0,0,33996.0,71.0,4696.0,46.0,40.0,2.0,15.0,8.0,0.0,6.0,1,1,3,1,0,4,0
66.0,4,1,1,1,66334.0,1161.0,4857.0,82.0,909.0,11.0,218.0,0.0,0.0,23.0,9,3,5,2,0,5,1
51.0,3,1,1,1,35178.0,59.0,4940.0,10.0,23.0,1.0,13.0,2.0,2.0,18.0,1,1,2,1,1,7,0
39.0,2,1,1,1,22010.0,33.0,4769.0,51.0,11.0,2.0,9.0,3.0,0.0,8.0,2,0,3,2,0,8,0
62.0,2,0,1,2,62204.0,946.0,5060.0,38.0,317.0,46.0,247.0,120.5,46.0,126.5,4,5,12,1,0,3,1
54.0,2,0,0,0,75693.0,1442.0,4975.0,10.0,797.0,81.0,293.0,72.0,81.0,30.0,11,4,6,1,3,4,2
50.0,2,1,1,1,30675.0,62.0,4999.0,14.0,10.0,2.0,16.0,11.0,2.0,21.0,1,0,3,1,0,8,0
57.0,2,1,0,0,83003.0,1674.0,4888.0,18.0,856.0,61.0,556.0,40.0,25.0,122.0,7,6,8,1,1,3,2
90.0,4,1,0,0,83532.0,1853.0,4681.0,36.0,755.0,81.0,556.0,104.0,64.0,126.5,4,6,4,1,1,1,2
34.0,2,0,0,0,68655.0,1538.0,5093.0,95.0,456.0,19.0,556.0,75.0,81.0,38.0,4,5,11,1,0,3,2
36.0,2,0,0,0,41411.0,139.0,4609.0,11.0,37.0,32.0,38.0,11.0,3.0,18.0,2,1,4,1,0,6,0
53.0,4,1,1,1,55212.0,1182.0,4988.0,65.0,1103.0,0.0,45.0,0.0,0.0,34.0,4,2,11,3,2,8,1
72.0,4,1,1,1,59292.0,507.0,4786.0,71.0,378.0,14.0,68.0,19.0,14.0,14.0,3,5,8,2,0,3,1
49.0,0,1,1,1,27190.0,18.0,4723.0,13.0,1.0,6.0,7.0,0.0,1.0,3.0,1,0,2,1,1,8,0
70.0,2,0,0,0,82623.0,940.0,4636.0,58.0,204.0,34.0,204.0,120.5,81.0,126.5,2,9,4,1,0,1,2
57.0,2,1,1,2,44300.0,42.0,4776.0,65.0,30.0,0.0,9.0,0.0,0.0,3.0,1,0,3,2,0,6,0
52.0,2,0,0,0,84835.0,1190.0,4418.0,0.0,189.0,81.0,379.0,111.0,81.0,126.5,4,4,6,1,0,1,2
51.0,2,0,1,2,30372.0,44.0,4956.0,33.0,15.0,0.0,12.0,7.0,3.0,7.0,2,0,3,3,0,7,0
46.0,3,1,1,1,33181.0,16.0,4582.0,90.0,9.0,0.0,3.0,0.0,0.0,4.0,1,0,2,1,1,6,0
65.0,2,1,1,1,71113.0,835.0,4599.0,95.0,495.0,33.0,255.0,11.0,33.0,8.0,6,7,9,4,0,4,1
36.0,2,1,1,1,71952.0,1443.0,4940.0,93.0,656.0,80.0,455.0,52.0,81.0,93.0,8,4,8,2,2,4,2
56.0,4,0,0,0,69759.0,1029.0,4649.0,38.0,452.0,20.0,514.0,13.0,30.0,0.0,4,6,5,3,0,3,2
48.0,2,1,0,0,72099.0,1188.0,5015.0,18.0,546.0,81.0,410.0,119.0,0.0,22.0,3,4,10,1,0,1,2
46.0,4,0,1,1,60000.0,1277.0,4959.0,57.0,1048.0,0.0,217.0,0.0,0.0,12.0,11,3,5,5,0,6,1
44.0,2,0,1,2,38643.0,49.0,4617.0,45.0,22.0,2.0,14.0,0.0,1.0,10.0,2,0,3,2,0,7,0
67.0,2,1,1,1,50737.0,99.0,4819.0,61.0,78.0,0.0,11.0,0.0,0.0,10.0,2,0,4,1,1,6,0
53.0,4,1,0,0,68462.0,1670.0,4969.0,6.0,561.0,64.0,556.0,84.0,81.0,48.0,3,3,8,1,0,1,2
79.0,3,1,0,0,65073.0,900.0,4718.0,65.0,629.0,17.0,177.0,69.0,0.0,8.0,5,3,5,1,0,2,2
74.0,4,1,1,2,46681.0,425.0,4669.0,52.0,269.0,15.0,69.0,15.0,19.0,38.0,4,6,4,2,0,5,1
65.0,2,1,0,0,78618.0,2153.0,5044.0,87.0,736.0,81.0,556.0,120.5,81.0,61.0,4,7,10,1,1,2,2
53.0,4,0,1,1,62187.0,636.0,4504.0,38.0,512.0,0.0,83.0,0.0,0.0,41.0,6,2,10,3,0,4,1
44.0,2,1,1,2,28442.0,57.0,4530.0,53.0,19.0,3.0,10.0,11.0,8.0,6.0,2,1,4,3,0,4,0
44.0,4,1,1,1,37717.0,25.0,4988.0,31.0,9.0,0.0,6.0,4.0,1.0,5.0,1,0,2,1,0,9,0
55.0,2,1,1,2,51479.0,494.0,4953.0,67.0,247.0,8.0,160.0,6.0,8.0,65.0,6,3,6,7,0,7,1
53.0,2,0,1,1,54803.0,693.0,5082.0,65.0,404.0,0.0,92.0,28.0,27.0,126.5,6,2,9,2,0,4,1
62.0,2,1,0,0,79530.0,1348.0,4813.0,64.0,333.0,0.0,556.0,120.5,42.0,29.0,4,10,11,1,0,2,2
46.0,2,0,1,1,31615.0,51.0,4875.0,82.0,2.0,3.0,20.0,6.0,11.0,9.0,2,0,3,2,0,7,0
60.0,2,1,0,0,72025.0,1932.0,4994.0,27.0,833.0,33.0,549.0,120.5,81.0,126.5,4,3,8,1,0,3,2
47.0,4,0,1,1,52614.0,990.0,4980.0,63.0,789.0,0.0,142.0,12.0,9.0,38.0,2,4,8,2,0,8,1
38.0,1,1,1,1,35684.0,30.0,4473.0,66.0,10.0,4.0,7.0,0.0,6.0,3.0,1,0,3,1,0,6,0
47.0,2,1,1,2,48178.0,254.0,5014.0,69.0,159.0,4.0,45.0,6.0,2.0,38.0,5,1,4,6,0,8,1
52.0,3,0,1,1,29548.0,29.0,4709.0,52.0,7.0,1.0,6.0,3.0,1.0,11.0,1,1,2,1,1,4,0
56.0,2,0,1,1,63810.0,1371.0,5000.0,45.0,977.0,12.0,253.0,16.0,12.0,101.0,4,3,12,4,1,8,1
50.0,4,0,1,2,38578.0,73.0,4777.0,2.0,38.0,4.0,22.0,3.0,3.0,3.0,3,0,3,3,0,8,0
47.0,3,0,1,2,46098.0,120.0,5085.0,86.0,57.0,0.0,27.0,0.0,0.0,36.0,3,2,2,4,0,8,0
52.0,2,0,0,0,22585.0,81.0,4873.0,23.0,3.0,9.0,15.0,13.0,2.0,39.0,1,1,2,1,1,9,0
33.0,2,0,1,1,30279.0,37.0,4951.0,13.0,10.0,4.0,14.0,4.0,4.0,1.0,1,0,3,1,0,8,0
61.0,4,1,1,1,66426.0,1377.0,4675.0,14.0,1043.0,24.0,97.0,32.0,24.0,126.5,3,5,10,2,0,6,1
53.0,2,0,1,1,30822.0,51.0,4785.0,92.0,3.0,9.0,13.0,2.0,12.0,12.0,1,0,3,1,0,7,0
53.0,4,1,1,2,33581.0,17.0,4942.0,38.0,11.0,0.0,5.0,0.0,0.0,1.0,1,0,2,1,0,8,0
37.0,2,1,1,1,19986.0,22.0,4632.0,74.0,3.0,6.0,5.0,0.0,2.0,6.0,0,0,3,1,0,7,0
68.0,2,0,0,0,27421.0,324.0,4969.0,14.0,43.0,12.0,96.0,78.0,40.0,55.0,4,1,6,3,0,7,1
49.0,1,1,1,3,35688.0,211.0,5081.0,94.0,73.0,3.0,90.0,12.0,1.0,32.0,4,1,4,7,0,8,1
41.0,3,0,1,1,36143.0,19.0,4496.0,33.0,12.0,0.0,1.0,0.0,0.0,6.0,0,1,2,1,0,3,0
51.0,2,0,1,1,10245.0,41.0,4815.0,32.0,4.0,7.0,7.0,6.0,4.0,13.0,1,2,2,3,0,5,0
54.0,3,1,1,1,43795.0,492.0,4661.0,11.0,314.0,11.0,53.0,4.0,3.0,107.0,7,3,4,3,1,7,1
62.0,2,1,1,1,63381.0,1005.0,5037.0,78.0,571.0,50.0,142.0,33.0,50.0,126.5,4,5,13,4,0,2,1
73.0,2,1,1,1,38823.0,114.0,5073.0,56.0,70.0,0.0,11.0,2.0,8.0,23.0,2,1,3,1,0,6,0
54.0,4,0,1,2,83664.0,1173.0,4822.0,57.0,866.0,21.0,151.0,28.0,21.0,86.0,2,2,12,3,0,5,1
43.0,2,1,0,0,90300.0,1738.0,4582.0,7.0,594.0,81.0,556.0,33.0,81.0,57.0,5,6,8,0,1,1,2
43.0,3,1,1,1,62499.0,222.0,4607.0,0.0,140.0,4.0,61.0,0.0,13.0,4.0,3,1,6,2,0,4,0
29.0,2,0,0,0,74293.0,1127.0,4461.0,66.0,375.0,81.0,335.0,93.0,81.0,81.0,5,4,6,1,0,2,2
76.0,4,1,0,0,51012.0,209.0,4842.0,86.0,102.0,9.0,63.0,2.0,9.0,24.0,4,1,4,1,0,6,1
54.0,3,1,1,1,70777.0,787.0,4529.0,80.0,554.0,35.0,113.0,0.0,7.0,78.0,5,3,12,3,0,3,1
31.0,4,1,0,0,68682.0,1598.0,4671.0,56.0,919.0,0.0,505.0,99.0,30.0,45.0,4,9,10,1,0,2,2
51.0,2,1,1,2,43824.0,186.0,5057.0,18.0,96.0,1.0,42.0,12.0,3.0,32.0,3,1,4,4,0,8,0
38.0,2,1,1,1,15345.0,47.0,5072.0,51.0,5.0,2.0,16.0,3.0,2.0,19.0,1,1,2,2,0,8,0
35.0,2,0,1,1,23442.0,27.0,4957.0,71.0,2.0,0.0,6.0,8.0,6.0,5.0,1,0,3,1,0,7,0
42.0,1,1,1,1,14515.0,96.0,5002.0,71.0,6.0,4.0,9.0,6.0,36.0,35.0,2,2,3,4,0,7,0
66.0,1,0,1,2,31395.0,64.0,4868.0,80.0,23.0,1.0,25.0,0.0,8.0,7.0,2,1,3,4,0,6,0
57.0,2,1,0,0,75276.0,1040.0,5045.0,2.0,610.0,81.0,125.0,120.5,42.0,21.0,9,4,9,1,0,5,2
48.0,2,0,1,2,42373.0,163.0,4723.0,83.0,67.0,5.0,61.0,3.0,8.0,19.0,2,1,5,5,0,5,0
62.0,2,1,0,0,30507.0,343.0,4880.0,29.0,65.0,36.0,74.0,38.0,20.0,110.0,5,1,4,1,0,7,1
67.0,4,0,1,3,55521.0,446.0,4655.0,11.0,416.0,0.0,26.0,0.0,0.0,4.0,6,3,6,9,1,7,1
57.0,2,1,1,2,48006.0,41.0,4425.0,55.0,23.0,0.0,11.0,3.0,2.0,2.0,1,0,3,1,0,6,0
50.0,4,0,1,1,27213.0,70.0,5073.0,19.0,19.0,3.0,26.0,10.0,9.0,3.0,2,0,4,3,0,8,0
51.0,4,0,1,2,65808.0,272.0,4435.0,1.0,155.0,7.0,80.0,13.0,7.0,10.0,5,1,5,3,0,6,1
48.0,4,1,1,1,30351.0,46.0,4793.0,19.0,14.0,0.0,24.0,3.0,3.0,2.0,3,0,2,1,0,9,0
59.0,2,1,1,2,50437.0,490.0,5025.0,28.0,370.0,9.0,92.0,6.0,9.0,4.0,7,1,8,3,0,7,1
40.0,1,0,1,1,23616.0,79.0,4994.0,76.0,4.0,22.0,11.0,3.0,7.0,32.0,3,0,3,2,0,8,0
46.0,2,1,1,1,53858.0,915.0,5002.0,50.0,407.0,53.0,221.0,58.0,81.0,26.0,4,3,6,4,0,4,1
67.0,4,1,1,1,66465.0,1485.0,4861.0,1.0,1200.0,0.0,204.0,38.0,29.0,14.0,11,9,12,3,1,6,1
35.0,2,0,1,1,46923.0,369.0,5081.0,90.0,85.0,44.0,54.0,102.0,78.0,6.0,5,1,7,3,0,7,1
60.0,2,1,1,1,75072.0,1073.0,4927.0,83.0,583.0,34.0,309.0,0.0,22.0,125.0,5,4,8,2,0,3,1
79.0,4,1,0,0,75865.0,1242.0,4495.0,73.0,483.0,0.0,556.0,120.5,0.0,12.0,3,5,10,1,0,1,2
47.0,1,1,1,1,19789.0,78.0,4626.0,24.0,2.0,5.0,9.0,28.0,6.0,28.0,2,1,3,3,1,5,0
28.0,2,1,0,0,80134.0,1378.0,4540.0,11.0,966.0,26.0,282.0,52.0,26.0,26.0,2,7,11,1,4,5,2
41.0,2,0,0,0,91065.0,1474.0,4897.0,33.0,822.0,81.0,108.0,120.5,81.0,114.0,7,9,9,1,2,3,2
51.0,3,1,1,2,49505.0,751.0,4886.0,4.0,604.0,0.0,100.0,19.0,0.0,28.0,10,2,8,9,0,8,1
49.0,4,1,1,1,37401.0,48.0,4459.0,14.0,19.0,3.0,19.0,3.0,1.0,3.0,2,0,3,2,0,7,0
39.0,2,1,1,1,30096.0,45.0,4443.0,30.0,5.0,3.0,11.0,12.0,5.0,9.0,2,0,3,1,0,6,0
40.0,3,1,1,1,18492.0,10.0,4429.0,75.0,2.0,2.0,2.0,2.0,1.0,1.0,1,0,2,1,0,8,0
48.0,3,1,0,0,82584.0,1435.0,4795.0,26.0,1076.0,68.0,103.0,29.0,81.0,68.0,3,4,8,1,2,1,2
81.0,4,1,0,0,93027.0,2119.0,4847.0,77.0,1225.0,42.0,556.0,55.0,0.0,21.0,7,10,5,0,1,2,2
69.0,2,1,1,3,48686.0,20.0,4612.0,8.0,10.0,0.0,7.0,2.0,0.0,1.0,1,0,2,1,0,8,0
36.0,2,1,0,0,92910.0,1795.0,4471.0,42.0,551.0,81.0,556.0,120.5,81.0,33.0,6,7,13,1,3,1,2
33.0,2,1,1,1,75433.0,1188.0,4490.0,28.0,800.0,0.0,297.0,0.0,34.0,57.0,2,5,10,2,2,6,1
33.0,1,1,1,1,10404.0,43.0,4461.0,52.0,2.0,2.0,11.0,10.0,6.0,12.0,1,0,4,2,0,5,0
54.0,2,1,1,1,61314.0,1008.0,4835.0,1.0,378.0,0.0,189.0,97.0,81.0,126.5,5,5,12,2,0,3,1
61.0,4,0,0,0,84865.0,1688.0,4821.0,1.0,1225.0,16.0,349.0,43.0,16.0,16.0,2,4,9,1,4,4,2
33.0,2,1,1,1,42387.0,684.0,5013.0,42.0,235.0,0.0,235.0,19.0,4.0,126.5,8,1,7,5,0,8,1
55.0,1,1,1,2,67309.0,1082.0,4927.0,76.0,515.0,47.0,181.0,120.5,81.0,95.0,9,6,9,15,0,7,1
58.0,2,1,1,1,75236.0,1068.0,4621.0,27.0,438.0,66.0,400.0,12.0,38.0,114.0,8,3,13,1,0,4,2
52.0,2,0,1,1,30015.0,57.0,4552.0,28.0,25.0,0.0,22.0,2.0,3.0,5.0,1,0,4,2,0,5,0
66.0,3,1,1,1,50943.0,46.0,4778.0,49.0,31.0,0.0,7.0,2.0,0.0,6.0,1,0,3,1,0,5,0
56.0,2,0,1,1,67272.0,733.0,4595.0,12.0,357.0,35.0,271.0,28.0,28.0,14.0,6,2,12,3,0,5,1
73.0,3,0,1,1,51529.0,467.0,4700.0,14.0,400.0,4.0,35.0,6.0,0.0,22.0,9,1,5,2,0,8,1
51.0,4,1,1,1,32011.0,122.0,4716.0,89.0,99.0,0.0,15.0,2.0,1.0,5.0,2,1,4,3,0,7,0
36.0,1,1,1,1,7500.0,36.0,4912.0,96.0,1.0,11.0,5.0,4.0,6.0,9.0,2,0,3,2,0,8,0
33.0,2,1,1,1,28691.0,34.0,4765.0,56.0,5.0,4.0,13.0,8.0,0.0,4.0,1,0,3,1,0,8,0
74.0,4,1,1,1,56223.0,156.0,4596.0,72.0,77.0,28.0,31.0,16.0,0.0,4.0,2,1,5,2,0,4,0
76.0,2,1,0,0,18100.0,14.0,4732.0,14.0,3.0,1.0,2.0,4.0,3.0,1.0,0,0,3,1,0,5,0
33.0,2,0,1,1,30279.0,37.0,4951.0,13.0,10.0,4.0,14.0,4.0,4.0,1.0,1,0,3,1,0,8,0
48.0,1,1,0,0,20130.0,34.0,4509.0,99.0,0.0,6.0,3.0,7.0,6.0,12.0,1,0,3,1,0,8,0
63.0,2,0,0,0,23295.0,20.0,4756.0,72.0,0.0,0.0,1.0,2.0,12.0,5.0,1,0,2,1,0,8,0
50.0,3,0,1,1,42618.0,192.0,4668.0,92.0,76.0,14.0,74.0,13.0,5.0,10.0,5,0,4,2,0,8,0
58.0,2,0,0,0,81246.0,1379.0,4587.0,87.0,398.0,81.0,537.0,61.0,81.0,37.0,4,5,7,1,2,1,2
46.0,2,1,1,1,24027.0,48.0,4790.0,7.0,14.0,7.0,11.0,11.0,0.0,5.0,2,0,3,2,0,8,0
69.0,4,1,1,1,55707.0,428.0,4594.0,91.0,208.0,7.0,82.0,30.0,66.0,35.0,3,2,9,2,0,3,1
67.0,2,0,1,1,57959.0,868.0,4828.0,71.0,430.0,16.0,322.0,43.0,24.0,33.0,4,7,11,5,0,3,1
53.0,2,1,1,1,56796.0,1001.0,4903.0,24.0,656.0,38.0,161.0,62.0,47.0,37.0,8,9,7,3,0,7,1
51.0,3,0,1,1,36230.0,59.0,4660.0,17.0,14.0,2.0,30.0,8.0,2.0,3.0,2,0,4,1,0,5,0
42.0,1,1,1,2,70829.0,431.0,4615.0,87.0,141.0,70.0,106.0,72.0,19.0,23.0,4,2,8,2,0,3,1
46.0,2,1,1,1,65991.0,971.0,5065.0,21.0,507.0,19.0,364.0,25.0,47.0,9.0,9,5,10,3,0,7,1
50.0,2,1,1,3,38988.0,348.0,5083.0,90.0,164.0,24.0,103.0,12.0,3.0,42.0,5,1,6,7,0,8,1
56.0,1,0,0,0,89572.0,2059.0,5057.0,44.0,606.0,24.0,556.0,120.5,81.0,64.0,7,7,9,1,2,4,2
38.0,3,1,1,1,42207.0,265.0,4859.0,71.0,116.0,11.0,72.0,3.0,17.0,46.0,4,1,5,4,1,6,1
70.0,2,1,1,1,50300.0,270.0,4440.0,52.0,143.0,15.0,60.0,24.0,23.0,5.0,2,1,8,2,0,2,1
40.0,1,1,0,0,66664.0,1289.0,5047.0,78.0,398.0,81.0,447.0,120.5,81.0,32.0,5,7,6,1,0,3,2
58.0,2,1,1,1,60597.0,893.0,4584.0,2.0,522.0,0.0,257.0,32.0,16.0,66.0,2,2,8,4,1,7,1
73.0,2,0,0,0,70165.0,926.0,4685.0,60.0,161.0,0.0,253.0,120.5,81.0,122.0,3,7,11,1,0,1,2
64.0,4,0,1,1,50520.0,135.0,4557.0,25.0,112.0,0.0,6.0,2.0,1.0,14.0,3,1,3,2,0,6,0
59.0,2,1,0,0,80124.0,1495.0,4408.0,47.0,483.0,81.0,398.0,120.5,81.0,126.5,3,7,8,1,1,1,2
47.0,2,1,1,1,33183.0,120.0,4530.0,46.0,7.0,5.0,39.0,17.0,15.0,37.0,4,0,3,2,0,7,0
53.0,4,0,0,0,66582.0,1288.0,4523.0,83.0,789.0,25.0,420.0,16.0,38.0,0.0,2,8,9,1,0,1,2
67.0,4,1,0,0,75261.0,1743.0,4837.0,17.0,1225.0,17.0,413.0,23.0,34.0,17.0,5,6,5,1,2,2,2
52.0,2,0,1,1,31880.0,15.0,5011.0,13.0,4.0,1.0,5.0,2.0,0.0,3.0,1,0,2,1,0,8,0
71.0,2,1,1,2,53790.0,542.0,4520.0,86.0,335.0,42.0,127.0,28.0,5.0,5.0,7,2,8,3,0,6,1
51.0,4,1,1,1,49269.0,890.0,5088.0,92.0,639.0,8.0,166.0,11.0,8.0,58.0,7,3,12,3,0,7,1
47.0,2,1,1,1,61456.0,1388.0,4864.0,47.0,563.0,76.0,384.0,84.0,81.0,89.0,6,10,13,4,0,4,2
42.0,2,1,1,1,37406.0,17.0,4667.0,18.0,2.0,0.0,8.0,2.0,2.0,3.0,1,0,2,1,0,8,0
41.0,4,1,1,1,56937.0,906.0,5099.0,81.0,746.0,8.0,125.0,11.0,8.0,8.0,8,6,9,7,1,6,1
44.0,2,1,1,2,38415.0,44.0,4948.0,91.0,22.0,1.0,13.0,4.0,0.0,4.0,1,0,3,2,0,7,0
34.0,2,0,1,1,20518.0,25.0,4447.0,58.0,4.0,1.0,6.0,4.0,1.0,9.0,1,1,2,1,0,5,0
66.0,2,1,1,1,62503.0,973.0,4901.0,40.0,478.0,0.0,193.0,110.0,75.0,117.0,8,3,11,4,0,5,1
50.0,4,0,1,2,41644.0,31.0,4456.0,67.0,20.0,3.0,4.0,2.0,0.0,2.0,1,0,3,2,0,3,0
45.0,3,1,1,1,55842.0,518.0,4442.0,19.0,451.0,0.0,39.0,0.0,4.0,24.0,7,1,8,1,0,5,1
50.0,4,1,1,1,62010.0,530.0,5019.0,93.0,371.0,22.0,39.0,6.0,0.0,92.0,6,2,7,4,0,5,1
45.0,2,1,1,1,41124.0,506.0,5011.0,41.0,281.0,7.0,84.0,15.0,0.0,119.0,7,3,4,7,0,8,1
49.0,3,1,1,1,38961.0,70.0,4586.0,60.0,19.0,7.0,19.0,0.0,1.0,24.0,2,1,2,1,0,7,0
50.0,3,0,1,1,37760.0,54.0,4727.0,54.0,26.0,3.0,13.0,2.0,10.0,0.0,2,0,3,1,0,6,0
48.0,2,0,1,1,32233.0,296.0,5084.0,26.0,138.0,15.0,35.0,25.0,11.0,72.0,6,2,2,2,1,9,1
47.0,2,1,1,1,43057.0,266.0,4647.0,30.0,213.0,2.0,44.0,0.0,2.0,5.0,4,2,5,4,0,5,0
62.0,3,1,0,0,83151.0,747.0,5032.0,93.0,407.0,28.0,100.0,120.0,74.0,18.0,5,9,4,1,0,3,2
58.0,4,0,0,0,78825.0,895.0,5058.0,35.0,483.0,74.0,114.0,120.5,37.0,18.0,5,10,13,1,0,3,2
46.0,3,1,1,1,65104.0,1053.0,4632.0,4.0,738.0,0.0,232.0,13.0,20.0,50.0,3,5,7,2,0,7,1
48.0,2,1,1,1,60093.0,735.0,4773.0,92.0,502.0,12.0,109.0,16.0,6.0,90.0,7,2,10,2,0,6,1
53.0,2,1,1,1,14045.0,20.0,4559.0,24.0,11.0,0.0,5.0,2.0,1.0,1.0,1,0,3,1,0,7,0
70.0,1,0,0,0,28457.0,205.0,5014.0,96.0,24.0,1.0,108.0,29.0,29.0,14.0,4,1,4,1,0,8,0
64.0,4,1,1,1,78952.0,2092.0,5048.0,11.0,1170.0,19.0,556.0,99.0,76.0,126.5,2,5,12,2,0,6,2
46.0,2,0,1,1,46310.0,309.0,4978.0,99.0,185.0,2.0,88.0,15.0,5.0,14.0,6,1,5,2,0,8,1
67.0,2,1,0,0,76005.0,1722.0,4897.0,72.0,983.0,20.0,389.0,120.5,50.0,40.0,3,5,13,1,1,6,2
58.0,3,0,1,1,58308.0,900.0,4938.0,77.0,691.0,0.0,69.0,10.0,0.0,126.5,2,6,3,4,0,8,1
78.0,4,0,0,0,55614.0,682.0,4619.0,85.0,504.0,13.0,131.0,8.0,0.0,26.0,9,4,6,1,1,7,1
60.0,3,0,1,1,59432.0,663.0,4847.0,88.0,317.0,25.0,265.0,25.0,19.0,12.0,5,3,11,3,0,5,1
44.0,2,0,1,1,55563.0,43.0,4490.0,22.0,29.0,1.0,9.0,2.0,0.0,2.0,2,0,3,1,0,3,0
51.0,4,1,1,1,78642.0,1816.0,4839.0,83.0,1225.0,0.0,322.0,46.0,35.0,17.0,4,9,4,1,0,6,1
73.0,4,1,1,1,67911.0,976.0,4443.0,63.0,529.0,0.0,356.0,63.0,28.0,0.0,6,7,11,3,0,3,1
78.0,2,1,0,0,65275.0,746.0,4857.0,9.0,388.0,14.0,218.0,91.0,14.0,21.0,4,3,13,1,0,2,2
72.0,2,1,1,2,27203.0,64.0,5097.0,92.0,13.0,2.0,21.0,4.0,0.0,24.0,1,1,2,2,0,8,0
61.0,3,1,1,1,48330.0,32.0,4631.0,2.0,28.0,0.0,4.0,0.0,0.0,0.0,1,0,3,1,0,5,0
32.0,0,1,0,0,24279.0,263.0,4952.0,6.0,16.0,36.0,21.0,20.0,62.0,108.0,4,1,3,1,0,8,0
37.0,4,1,1,1,64355.0,1445.0,5079.0,66.0,1047.0,0.0,140.0,67.0,38.0,126.5,4,3,12,2,0,8,1
66.0,3,1,1,1,50943.0,46.0,4778.0,49.0,31.0,0.0,7.0,2.0,0.0,6.0,1,0,3,1,0,5,0
69.0,2,0,0,0,53653.0,1210.0,5004.0,29.0,815.0,10.0,239.0,28.0,10.0,108.0,10,4,12,2,0,6,2
46.0,2,1,1,1,65665.0,945.0,4614.0,77.0,225.0,81.0,387.0,106.0,36.0,29.0,5,10,8,1,0,3,2
33.0,2,0,0,0,81217.0,1157.0,4750.0,77.0,493.0,70.0,324.0,120.5,40.0,84.0,3,7,11,1,0,1,2
30.0,2,1,0,0,34935.0,137.0,4778.0,71.0,34.0,4.0,66.0,3.0,10.0,20.0,2,1,4,1,0,7,0
63.0,2,0,1,1,61250.0,730.0,4965.0,49.0,382.0,81.0,65.0,60.0,26.0,59.0,5,2,12,6,0,5,1
41.0,4,1,1,1,39665.0,216.0,4805.0,97.0,127.0,1.0,56.0,0.0,1.0,31.0,4,2,3,3,1,7,0
43.0,2,0,1,1,60152.0,943.0,4863.0,6.0,325.0,81.0,300.0,86.0,58.0,91.0,6,4,12,1,0,3,2
58.0,2,1,1,2,48920.0,347.0,4657.0,93.0,238.0,17.0,68.0,8.0,10.0,6.0,6,2,5,3,1,7,1
63.0,3,1,0,0,89120.0,1924.0,4509.0,78.0,1168.0,81.0,408.0,72.0,81.0,55.0,5,6,7,1,1,1,2
76.0,4,1,1,1,44124.0,397.0,4819.0,62.0,284.0,0.0,55.0,0.0,6.0,52.0,6,2,5,4,0,8,1
47.0,3,0,0,0,81169.0,2089.0,4846.0,47.0,1225.0,20.0,556.0,80.0,61.0,27.0,5,7,9,1,0,2,2
61.0,2,1,1,2,36443.0,138.0,4916.0,9.0,65.0,0.0,46.0,4.0,3.0,20.0,3,1,3,4,0,8,0
32.0,2,0,1,1,26095.0,42.0,4769.0,77.0,11.0,7.0,9.0,3.0,1.0,11.0,1,0,3,1,0,7,0
63.0,2,1,0,0,71367.0,777.0,4715.0,24.0,227.0,23.0,389.0,42.0,21.0,75.0,4,5,7,1,0,2,2
78.0,3,1,0,0,80184.0,1902.0,4525.0,19.0,1035.0,81.0,556.0,25.0,38.0,0.0,6,3,10,1,2,3,2
57.0,2,0,1,2,30630.0,52.0,4558.0,67.0,27.0,1.0,12.0,2.0,0.0,10.0,2,0,3,2,0,7,0
35.0,3,0,0,0,73454.0,1651.0,4525.0,95.0,982.0,73.0,351.0,56.0,14.0,126.5,2,4,6,1,1,5,2
31.0,2,1,0,0,42691.0,358.0,4722.0,48.0,179.0,2.0,64.0,38.0,17.0,58.0,5,1,6,1,0,5,2
69.0,2,1,0,0,70503.0,1727.0,5042.0,73.0,1225.0,33.0,216.0,0.0,33.0,66.0,2,4,9,1,2,6,2
35.0,2,1,1,1,25545.0,210.0,5064.0,35.0,32.0,1.0,64.0,16.0,12.0,85.0,2,2,3,3,0,6,0
36.0,2,1,1,1,32880.0,42.0,4977.0,76.0,8.0,4.0,15.0,7.0,6.0,2.0,1,0,3,1,0,8,0
64.0,4,1,0,0,77863.0,1291.0,4619.0,20.0,881.0,38.0,319.0,16.0,25.0,12.0,4,5,10,1,0,2,2
45.0,3,1,0,0,50353.0,442.0,4426.0,72.0,141.0,15.0,153.0,67.0,31.0,35.0,4,4,6,1,0,3,2
58.0,2,0,0,0,61839.0,1895.0,5091.0,20.0,1000.0,81.0,379.0,120.5,17.0,120.0,4,8,4,1,0,8,2
62.0,4,1,1,2,49154.0,411.0,4643.0,69.0,206.0,10.0,67.0,30.0,27.0,71.0,4,1,8,6,0,6,1
47.0,1,0,1,1,47682.0,521.0,4904.0,80.0,162.0,61.0,83.0,97.0,57.0,61.0,4,3,8,4,0,5,1
53.0,2,0,1,1,72679.0,1168.0,4689.0,65.0,619.0,54.0,260.0,120.5,54.0,54.0,4,7,5,1,0,1,2
45.0,3,1,1,2,57954.0,493.0,4416.0,52.0,456.0,4.0,24.0,0.0,0.0,9.0,8,2,6,7,1,7,1
60.0,2,1,1,2,65316.0,260.0,4836.0,65.0,112.0,6.0,92.0,3.0,9.0,38.0,3,2,5,2,0,4,1
40.0,2,0,1,1,28567.0,46.0,4782.0,57.0,11.0,3.0,22.0,2.0,2.0,6.0,2,0,3,2,0,6,0
71.0,3,1,1,1,47352.0,319.0,4849.0,70.0,172.0,12.0,112.0,8.0,0.0,15.0,6,1,5,4,0,7,1
55.0,2,1,1,1,44931.0,96.0,4567.0,0.0,78.0,0.0,11.0,0.0,0.0,7.0,2,1,3,1,0,5,0
55.0,2,0,0,0,76982.0,1062.0,4539.0,19.0,464.0,81.0,292.0,65.0,60.0,30.0,8,3,4,1,1,4,2
70.0,1,1,1,1,57247.0,232.0,4730.0,50.0,99.0,4.0,32.0,37.0,54.0,6.0,2,1,7,2,0,2,1
41.0,3,0,1,1,22944.0,76.0,4593.0,67.0,19.0,3.0,19.0,4.0,5.0,26.0,3,0,3,3,0,7,0
45.0,1,1,1,1,25315.0,54.0,4639.0,46.0,1.0,9.0,8.0,11.0,3.0,22.0,3,0,3,3,0,8,0
53.0,2,0,1,1,43638.0,201.0,5097.0,37.0,63.0,10.0,83.0,7.0,19.0,19.0,4,1,4,2,0,7,1
38.0,4,0,1,1,42710.0,406.0,4983.0,38.0,252.0,3.0,42.0,4.0,3.0,102.0,4,5,3,2,0,6,1
40.0,4,1,0,0,84169.0,1919.0,4731.0,9.0,1225.0,19.0,403.0,0.0,19.0,0.0,7,6,6,1,2,3,2
46.0,2,1,1,1,54058.0,662.0,4795.0,56.0,198.0,18.0,252.0,32.0,81.0,54.0,4,6,8,2,0,3,1
32.0,1,1,1,1,24683.0,41.0,4518.0,98.0,8.0,4.0,10.0,6.0,7.0,6.0,2,0,4,2,0,5,0
58.0,2,0,0,0,85620.0,1600.0,4578.0,68.0,416.0,46.0,556.0,60.0,81.0,46.0,3,6,4,1,0,1,2
42.0,2,1,1,1,47850.0,134.0,4613.0,72.0,42.0,7.0,43.0,20.0,12.0,10.0,3,0,4,1,0,6,0
54.0,2,1,1,2,19514.0,69.0,4559.0,47.0,14.0,3.0,21.0,2.0,1.0,28.0,3,1,2,4,1,8,0
49.0,3,1,1,2,27159.0,21.0,4497.0,33.0,17.0,0.0,3.0,0.0,0.0,1.0,1,0,3,2,0,6,0
59.0,1,0,1,2,39548.0,54.0,4495.0,87.0,15.0,4.0,10.0,3.0,4.0,18.0,1,1,3,2,0,3,0
33.0,2,0,1,1,21474.0,91.0,4487.0,0.0,6.0,16.0,24.0,11.0,0.0,34.0,3,1,2,2,1,7,0
51.0,4,0,1,1,60504.0,526.0,4547.0,73.0,458.0,0.0,24.0,6.0,4.0,34.0,6,2,8,2,0,6,1
59.0,2,1,0,0,22419.0,162.0,4842.0,74.0,30.0,3.0,47.0,19.0,21.0,42.0,3,2,2,1,0,8,0
73.0,3,1,0,0,81698.0,1008.0,4640.0,4.0,179.0,28.0,520.0,111.0,81.0,47.0,3,8,13,1,0,1,2
70.0,2,1,1,2,43462.0,240.0,5060.0,50.0,90.0,17.0,97.0,15.0,6.0,15.0,4,1,5,6,0,8,1
44.0,4,0,1,1,54880.0,795.0,4890.0,57.0,308.0,81.0,137.0,102.0,45.0,118.0,6,2,11,2,0,5,1
40.0,2,1,0,0,79908.0,1772.0,4855.0,30.0,557.0,81.0,556.0,29.0,81.0,111.0,5,6,7,1,1,2,2
52.0,1,1,0,0,15315.0,64.0,4735.0,27.0,7.0,4.0,13.0,15.0,8.0,17.0,2,0,4,2,0,5,0
63.0,2,1,1,1,87771.0,1957.0,4808.0,61.0,1225.0,38.0,287.0,50.0,57.0,33.0,5,10,4,1,4,6,2
44.0,2,1,1,1,33039.0,78.0,4698.0,4.0,30.0,8.0,12.0,8.0,8.0,12.0,2,0,4,1,0,5,0
42.0,2,0,0,0,81741.0,1572.0,4783.0,75.0,249.0,81.0,556.0,58.0,81.0,38.0,6,6,7,0,0,2,2
51.0,3,1,1,1,71499.0,795.0,4774.0,12.0,465.0,25.0,132.0,120.5,0.0,37.0,8,3,13,2,0,4,1
52.0,1,1,1,1,62466.0,889.0,4570.0,13.0,129.0,81.0,259.0,120.5,81.0,83.0,6,3,12,5,0,4,1
59.0,4,0,1,1,48799.0,331.0,4641.0,9.0,174.0,18.0,81.0,28.0,6.0,24.0,3,2,7,3,0,3,1
72.0,4,1,1,1,52157.0,265.0,4427.0,48.0,189.0,2.0,29.0,3.0,2.0,40.0,3,2,5,2,0,4,0
60.0,2,0,1,1,66565.0,1065.0,4976.0,80.0,747.0,10.0,161.0,65.0,40.0,42.0,4,2,9,4,0,8,1
71.0,3,1,1,2,29298.0,11.0,4700.0,60.0,6.0,0.0,2.0,2.0,0.0,1.0,1,0,2,1,0,5,0
43.0,2,0,1,1,47691.0,21.0,4764.0,43.0,14.0,0.0,3.0,0.0,0.0,4.0,1,0,2,1,0,6,0
52.0,2,1,1,2,38200.0,17.0,4974.0,19.0,12.0,0.0,4.0,0.0,0.0,1.0,1,0,2,1,0,7,0
48.0,2,1,1,1,44989.0,369.0,5060.0,26.0,98.0,0.0,106.0,49.0,10.0,106.0,5,1,5,5,0,6,1
54.0,4,1,1,2,38443.0,38.0,4558.0,58.0,32.0,0.0,5.0,0.0,0.0,1.0,1,0,3,2,0,7,0
44.0,1,0,1,1,38593.0,177.0,4694.0,42.0,51.0,12.0,49.0,17.0,24.0,24.0,4,1,3,3,0,8,0
52.0,4,1,1,1,64413.0,279.0,4737.0,27.0,200.0,5.0,44.0,0.0,10.0,20.0,5,1,5,1,0,5,1
41.0,3,1,1,1,36959.0,62.0,4675.0,56.0,25.0,6.0,25.0,6.0,0.0,0.0,2,0,3,2,0,8,0
45.0,4,1,1,1,61996.0,1230.0,4919.0,27.0,1050.0,12.0,144.0,0.0,0.0,24.0,6,4,8,3,3,5,1
54.0,2,1,1,2,51287.0,182.0,4494.0,10.0,117.0,0.0,22.0,13.0,0.0,30.0,4,1,3,3,0,7,0
52.0,2,1,1,2,13260.0,49.0,4715.0,48.0,9.0,4.0,17.0,10.0,2.0,7.0,3,0,3,4,0,8,0
56.0,4,1,1,2,47472.0,75.0,4691.0,39.0,56.0,0.0,11.0,0.0,0.0,8.0,2,0,4,2,0,5,0
66.0,3,1,1,2,54603.0,227.0,4760.0,85.0,145.0,13.0,46.0,17.0,2.0,4.0,4,2,4,6,0,7,1
48.0,4,1,1,2,45207.0,215.0,5001.0,64.0,203.0,0.0,10.0,0.0,0.0,2.0,3,1,6,5,1,6,0
71.0,2,1,1,1,40689.0,444.0,4873.0,69.0,270.0,3.0,27.0,39.0,6.0,99.0,7,1,5,7,0,8,1
55.0,1,1,1,2,47821.0,47.0,4657.0,54.0,9.0,0.0,16.0,6.0,6.0,10.0,1,0,3,1,0,8,0
71.0,3,1,0,0,27450.0,143.0,4845.0,57.0,37.0,12.0,23.0,8.0,11.0,52.0,2,1,3,1,0,7,0
39.0,2,1,1,1,39453.0,55.0,4492.0,64.0,46.0,0.0,7.0,0.0,0.0,2.0,2,0,3,2,0,6,0
51.0,1,1,1,2,26850.0,63.0,4477.0,10.0,31.0,1.0,13.0,7.0,2.0,9.0,2,1,4,4,0,4,0
67.0,2,0,0,0,79800.0,1867.0,5049.0,65.0,1060.0,21.0,530.0,32.0,0.0,126.5,5,11,5,1,3,3,2
61.0,3,1,1,1,61794.0,611.0,4693.0,74.0,264.0,47.0,188.0,54.0,47.0,11.0,4,4,10,2,0,2,1
67.0,2,1,1,1,53863.0,473.0,4448.0,4.0,399.0,4.0,30.0,6.0,4.0,30.0,7,1,7,3,1,7,1
63.0,2,1,0,0,24221.0,55.0,4718.0,94.0,8.0,9.0,9.0,2.0,5.0,22.0,1,1,3,1,0,4,0
38.0,4,0,1,1,39684.0,81.0,5030.0,41.0,19.0,0.0,35.0,6.0,4.0,17.0,2,1,2,2,0,7,0
47.0,3,1,0,0,92163.0,2086.0,4969.0,25.0,817.0,81.0,556.0,106.0,81.0,20.0,5,11,5,0,2,2,2
57.0,3,0,0,0,69882.0,1478.0,4636.0,94.0,292.0,81.0,556.0,120.5,81.0,126.5,3,7,9,1,0,1,2
45.0,2,1,1,1,33178.0,49.0,4555.0,9.0,12.0,6.0,2.0,11.0,2.0,16.0,1,0,3,1,0,4,0
50.0,4,1,0,0,59973.0,382.0,4696.0,47.0,130.0,30.0,168.0,20.0,34.0,0.0,3,4,7,1,0,1,2
47.0,3,1,1,1,17459.0,69.0,4688.0,12.0,6.0,4.0,16.0,3.0,10.0,30.0,3,1,2,3,0,7,0
53.0,2,0,1,1,23910.0,67.0,5016.0,80.0,16.0,12.0,18.0,7.0,1.0,13.0,2,0,3,1,0,7,0
53.0,3,1,1,2,42169.0,30.0,4658.0,20.0,19.0,0.0,9.0,0.0,0.0,2.0,1,0,3,2,0,8,0
44.0,1,1,1,1,26224.0,63.0,4795.0,39.0,4.0,7.0,15.0,13.0,9.0,15.0,2,1,3,3,0,6,0
41.0,2,1,1,1,31089.0,79.0,5086.0,57.0,31.0,3.0,31.0,2.0,8.0,4.0,3,0,4,3,0,8,0
61.0,2,0,1,1,30081.0,42.0,4898.0,27.0,36.0,0.0,2.0,0.0,0.0,4.0,1,0,3,1,0,7,0
62.0,2,1,1,1,62807.0,819.0,5072.0,83.0,526.0,28.0,135.0,10.0,21.0,99.0,5,3,12,3,0,5,1
67.0,2,0,0,0,72906.0,1151.0,4690.0,79.0,400.0,32.0,519.0,71.0,75.0,54.0,3,4,9,1,0,1,2
74.0,4,1,1,2,61467.0,594.0,4972.0,69.0,410.0,16.0,114.0,0.0,5.0,49.0,5,2,10,3,0,5,1
56.0,3,1,1,2,49618.0,129.0,4924.0,77.0,80.0,3.0,26.0,4.0,2.0,14.0,3,1,3,4,0,7,0
36.0,3,0,1,1,21888.0,213.0,4952.0,15.0,88.0,10.0,46.0,2.0,3.0,64.0,5,1,2,4,0,10,0
49.0,2,0,1,1,42429.0,67.0,4543.0,99.0,55.0,0.0,6.0,2.0,0.0,4.0,1,1,3,2,0,5,0
66.0,2,0,1,3,26150.0,28.0,4880.0,61.0,5.0,1.0,13.0,3.0,5.0,1.0,1,0,3,1,0,7,0
47.0,0,1,1,1,30801.0,45.0,5016.0,23.0,8.0,4.0,5.0,15.0,2.0,11.0,1,0,3,2,0,7,0
57.0,2,1,0,0,81168.0,1193.0,4458.0,84.0,410.0,0.0,556.0,120.5,22.0,22.0,6,4,7,1,1,3,2
53.0,3,0,0,0,26877.0,268.0,4719.0,74.0,101.0,13.0,76.0,20.0,18.0,40.0,3,1,6,2,0,6,1
78.0,3,0,0,0,45006.0,266.0,4751.0,90.0,162.0,25.0,53.0,16.0,0.0,10.0,3,1,7,1,0,3,1
49.0,0,1,1,1,18978.0,37.0,4970.0,41.0,2.0,8.0,1.0,4.0,7.0,15.0,1,0,3,1,0,8,0
55.0,2,1,1,3,22574.0,37.0,4649.0,28.0,25.0,0.0,8.0,2.0,0.0,2.0,2,0,3,2,0,7,0
53.0,4,0,0,0,48240.0,882.0,5002.0,73.0,389.0,81.0,248.0,64.0,49.0,41.0,6,3,13,3,0,5,2
48.0,2,1,1,2,45837.0,373.0,4743.0,88.0,215.0,13.0,87.0,17.0,17.0,24.0,6,2,5,5,0,7,1
57.0,3,0,1,3,35791.0,35.0,4824.0,94.0,27.0,0.0,5.0,0.0,0.0,3.0,1,0,3,2,0,8,0
46.0,4,1,1,2,117416.25,107.0,4796.0,31.0,85.0,1.0,16.0,2.0,1.0,2.0,0,0,1,0,0,1,0
44.0,2,0,1,2,54162.0,42.0,4873.0,31.0,5.0,6.0,10.0,6.0,5.0,10.0,1,0,3,1,0,4,0
62.0,3,1,1,1,30522.0,326.0,5086.0,6.0,179.0,8.0,83.0,19.0,11.0,26.0,1,2,9,5,0,2,1
61.0,4,1,1,1,54456.0,404.0,4758.0,23.0,352.0,0.0,27.0,10.0,0.0,15.0,6,1,7,3,0,6,1
51.0,2,0,0,0,31632.0,95.0,4755.0,92.0,17.0,8.0,12.0,11.0,15.0,32.0,2,1,2,1,0,7,0
73.0,2,0,0,0,72298.0,939.0,4516.0,52.0,625.0,35.0,169.0,58.0,17.0,35.0,4,3,6,1,2,1,2
44.0,1,0,1,1,36975.0,33.0,4588.0,50.0,10.0,6.0,11.0,0.0,4.0,2.0,1,0,3,1,0,7,0
67.0,1,1,0,0,72635.0,981.0,4796.0,54.0,390.0,22.0,323.0,104.0,35.0,107.0,6,8,6,1,1,3,2
46.0,2,1,1,1,13624.0,36.0,4930.0,93.0,10.0,2.0,15.0,2.0,1.0,6.0,2,0,3,2,0,6,0
47.0,2,0,1,1,84196.0,1237.0,4796.0,56.0,215.0,63.0,507.0,120.5,31.0,126.5,8,4,7,1,0,3,2
62.0,2,1,1,1,70971.0,1825.0,5051.0,28.0,1001.0,17.0,556.0,93.0,81.0,17.0,11,11,5,7,0,7,1
45.0,4,0,1,2,34487.0,103.0,5066.0,94.0,19.0,18.0,33.0,24.0,1.0,8.0,3,0,3,3,0,9,0
45.0,2,0,1,1,28769.0,191.0,4963.0,76.0,41.0,5.0,129.0,10.0,3.0,3.0,4,1,4,3,0,9,0
52.0,4,1,1,1,69084.0,1586.0,4627.0,43.0,1181.0,81.0,199.0,39.0,30.0,30.0,7,3,13,2,0,8,1
64.0,4,1,0,0,65488.0,963.0,4421.0,46.0,603.0,45.0,207.0,36.0,18.0,54.0,3,4,6,1,0,1,2
52.0,1,1,1,1,62466.0,889.0,4570.0,13.0,129.0,81.0,259.0,120.5,81.0,83.0,6,3,12,5,0,4,1
62.0,1,0,0,0,32218.0,93.0,4539.0,27.0,10.0,24.0,15.0,13.0,1.0,30.0,2,1,3,1,1,7,0
49.0,2,0,0,0,83917.0,1587.0,4842.0,12.0,514.0,22.0,556.0,42.0,81.0,79.0,6,7,7,1,0,3,2
60.0,2,0,1,3,46102.0,16.0,4516.0,3.0,14.0,0.0,1.0,0.0,0.0,1.0,1,0,2,1,0,7,0
70.0,2,0,0,0,84574.0,1375.0,4795.0,72.0,387.0,20.0,556.0,38.0,54.0,126.5,9,11,11,1,0,5,2
60.0,2,1,1,1,56181.0,393.0,4942.0,6.0,121.0,81.0,69.0,8.0,44.0,48.0,4,2,7,1,0,4,1
72.0,3,0,1,1,63120.0,1477.0,5044.0,53.0,965.0,69.0,279.0,54.0,41.0,69.0,8,4,9,5,0,7,1
51.0,2,1,1,1,73691.0,1179.0,4640.0,58.0,707.0,21.0,250.0,85.0,43.0,73.0,6,2,8,2,1,2,2
62.0,2,1,1,1,63381.0,1005.0,5037.0,78.0,571.0,50.0,142.0,33.0,50.0,126.5,4,5,13,4,0,2,1
74.0,4,1,0,0,76140.0,1348.0,4452.0,57.0,586.0,66.0,556.0,17.0,0.0,26.0,5,9,6,1,0,2,2
63.0,4,0,1,1,62859.0,1307.0,4951.0,37.0,1063.0,81.0,102.0,16.0,12.0,25.0,9,4,6,4,0,6,1
58.0,2,0,1,1,45906.0,486.0,4823.0,20.0,305.0,3.0,27.0,4.0,3.0,126.5,5,4,4,2,1,5,1
75.0,3,1,0,0,77632.0,2252.0,4881.0,73.0,1200.0,81.0,556.0,0.0,42.0,126.5,4,2,6,1,2,2,2
51.0,4,1,1,2,46463.0,235.0,4720.0,56.0,163.0,2.0,40.0,8.0,11.0,11.0,3,1,6,7,0,6,1
52.0,2,1,0,0,105471.0,1724.0,4929.0,36.0,1009.0,81.0,104.0,120.5,21.0,126.5,9,8,13,0,2,3,2
52.0,3,0,1,1,55282.0,235.0,4603.0,9.0,125.0,6.0,73.0,8.0,4.0,19.0,3,1,6,1,0,4,0
45.0,3,1,1,1,78710.0,1092.0,4442.0,42.0,721.0,0.0,152.0,119.0,50.0,50.0,7,6,12,3,0,4,1
64.0,2,1,1,1,66886.0,599.0,4691.0,28.0,315.0,4.0,62.0,41.0,31.0,126.5,7,1,7,2,0,5,1
62.0,3,0,0,0,98777.0,2008.0,4537.0,23.0,1000.0,19.0,556.0,120.5,81.0,38.0,4,6,9,0,1,1,2
37.0,2,1,1,1,29103.0,48.0,5076.0,38.0,16.0,0.0,17.0,6.0,3.0,6.0,1,0,3,2,0,9,0
48.0,2,1,1,1,67445.0,1174.0,5091.0,63.0,757.0,80.0,217.0,29.0,80.0,11.0,9,6,12,5,0,6,1
72.0,4,1,1,1,50616.0,67.0,4482.0,71.0,30.0,2.0,25.0,0.0,1.0,9.0,1,1,4,1,0,2,0
67.0,2,0,1,1,49431.0,365.0,5100.0,9.0,219.0,3.0,100.0,26.0,0.0,17.0,7,1,5,2,0,8,1
47.0,2,0,0,0,117416.25,6.0,4547.0,81.0,1.0,1.0,1.0,1.0,1.0,1.0,0,0,0,0,0,0,0
69.0,2,1,1,1,61278.0,165.0,4581.0,87.0,111.0,3.0,28.0,2.0,6.0,15.0,3,1,4,2,0,6,0
64.0,1,1,0,0,26490.0,210.0,5050.0,92.0,45.0,47.0,52.0,21.0,20.0,25.0,3,1,5,2,0,6,1
75.0,4,1,1,1,73059.0,1095.0,4707.0,36.0,410.0,81.0,420.0,0.0,81.0,71.0,9,3,13,1,0,4,1
56.0,4,0,1,3,46734.0,223.0,4656.0,86.0,100.0,1.0,39.0,6.0,1.0,76.0,3,2,3,4,1,6,1
59.0,2,1,1,1,56253.0,597.0,4974.0,83.0,509.0,0.0,65.0,7.0,11.0,5.0,7,2,9,4,0,6,1
37.0,2,1,1,1,19986.0,22.0,4632.0,74.0,3.0,6.0,5.0,0.0,2.0,6.0,0,0,3,1,0,7,0
47.0,2,0,1,1,58330.0,1064.0,4591.0,87.0,445.0,53.0,213.0,104.0,81.0,126.5,6,4,13,1,0,4,2
42.0,0,1,0,0,25965.0,74.0,5065.0,29.0,2.0,2.0,11.0,41.0,7.0,11.0,2,0,3,1,0,8,0
66.0,3,1,0,0,14661.0,26.0,4949.0,88.0,4.0,1.0,11.0,6.0,2.0,2.0,1,0,3,1,0,6,0
63.0,2,1,0,0,18690.0,60.0,4953.0,77.0,6.0,1.0,7.0,23.0,4.0,19.0,1,1,2,1,0,8,0
48.0,4,1,1,1,45068.0,20.0,4814.0,25.0,14.0,0.0,3.0,0.0,0.0,3.0,1,0,2,1,0,7,0
35.0,0,0,1,1,21063.0,59.0,4682.0,34.0,1.0,10.0,11.0,19.0,3.0,15.0,2,0,3,2,0,6,0
54.0,4,1,1,1,29187.0,34.0,4821.0,43.0,26.0,0.0,6.0,0.0,0.0,2.0,1,0,3,1,0,8,0
51.0,1,1,1,2,54690.0,198.0,4639.0,76.0,111.0,16.0,37.0,7.0,9.0,18.0,3,1,5,3,0,3,0
58.0,4,1,1,1,59304.0,1048.0,4740.0,81.0,418.0,61.0,428.0,80.0,51.0,10.0,7,8,10,3,0,5,1
60.0,3,0,1,2,59247.0,574.0,4638.0,87.0,327.0,9.0,122.0,19.0,14.0,83.0,5,2,9,5,0,6,1
52.0,2,0,1,1,66731.0,1029.0,5060.0,33.0,371.0,81.0,194.0,58.0,81.0,126.5,4,3,6,4,0,3,1
42.0,2,1,1,1,77353.0,670.0,4600.0,38.0,275.0,59.0,107.0,69.0,81.0,59.0,6,4,8,2,0,4,2
47.0,4,0,1,1,52614.0,990.0,4980.0,63.0,789.0,0.0,142.0,12.0,9.0,38.0,2,4,8,2,0,8,1
48.0,2,1,1,2,26751.0,11.0,4443.0,26.0,1.0,1.0,5.0,0.0,3.0,1.0,1,0,2,1,0,8,0
59.0,4,1,1,1,81300.0,1241.0,5012.0,17.0,1004.0,12.0,145.0,32.0,12.0,36.0,10,3,5,3,1,5,1
43.0,2,0,0,0,70337.0,576.0,4583.0,75.0,187.0,81.0,149.0,25.0,43.0,91.0,2,2,12,1,0,1,2
37.0,1,1,1,1,36145.0,172.0,4783.0,13.0,56.0,4.0,76.0,17.0,1.0,18.0,4,1,3,4,1,9,0
42.0,4,0,0,0,65295.0,664.0,4593.0,19.0,365.0,32.0,117.0,34.0,81.0,6.0,3,3,13,1,0,2,2
59.0,2,0,1,1,68118.0,928.0,4659.0,51.0,595.0,23.0,123.0,10.0,23.0,126.5,8,9,4,2,0,6,1
55.0,2,0,0,0,68743.0,2074.0,5073.0,81.0,1132.0,81.0,384.0,120.5,81.0,115.0,11,5,13,1,0,7,2
40.0,1,1,0,0,41039.0,467.0,4744.0,32.0,34.0,11.0,137.0,120.5,61.0,45.0,8,1,5,1,0,8,2
67.0,2,1,1,1,38946.0,257.0,4653.0,84.0,116.0,6.0,82.0,6.0,6.0,41.0,3,1,6,2,0,5,1
55.0,2,1,0,0,65777.0,1146.0,4597.0,87.0,565.0,32.0,435.0,28.0,32.0,54.0,2,8,6,1,0,1,2
46.0,4,0,1,1,66476.0,689.0,4884.0,99.0,372.0,18.0,126.0,47.0,48.0,78.0,5,2,11,2,0,4,1
50.0,4,0,0,0,86857.0,2114.0,5060.0,96.0,899.0,81.0,556.0,120.5,81.0,40.0,5,6,10,1,0,2,2
40.0,4,1,0,0,117416.25,1717.0,5099.0,21.0,55.0,16.0,556.0,17.0,3.0,4.0,0,28,1,15,0,0,2
33.0,4,1,0,0,77845.0,1346.0,4449.0,40.0,760.0,40.0,480.0,0.0,40.0,26.0,3,5,12,1,2,1,2
53.0,4,1,0,0,69476.0,1044.0,4677.0,3.0,260.0,81.0,556.0,63.0,9.0,67.0,4,6,4,1,0,2,2
62.0,4,0,1,1,50611.0,493.0,5038.0,98.0,459.0,0.0,24.0,6.0,0.0,4.0,4,5,7,6,1,6,1
52.0,2,0,0,0,61209.0,957.0,4713.0,73.0,466.0,0.0,224.0,119.0,49.0,99.0,5,3,4,1,0,2,2
64.0,3,1,1,1,42315.0,270.0,4757.0,90.0,67.0,15.0,80.0,17.0,11.0,80.0,1,4,4,3,0,3,1
70.0,0,1,0,0,13084.0,29.0,4644.0,29.0,2.0,0.0,7.0,3.0,7.0,10.0,1,0,3,1,0,6,0
73.0,3,0,1,2,47570.0,121.0,4801.0,3.0,67.0,1.0,20.0,0.0,2.0,31.0,2,2,2,3,0,7,0
61.0,3,1,1,2,61923.0,126.0,4743.0,94.0,92.0,4.0,18.0,3.0,3.0,6.0,2,1,4,1,0,3,0
27.0,2,0,0,0,34824.0,23.0,4500.0,65.0,4.0,2.0,11.0,2.0,0.0,4.0,1,0,2,1,0,6,0
73.0,4,0,1,2,26518.0,57.0,4852.0,33.0,20.0,1.0,28.0,3.0,3.0,2.0,2,0,3,3,0,8,0
61.0,2,0,0,0,45938.0,636.0,4643.0,46.0,273.0,11.0,178.0,62.0,81.0,29.0,8,4,6,2,0,6,2
62.0,2,1,0,0,78468.0,1004.0,4486.0,29.0,434.0,22.0,388.0,104.0,22.0,34.0,10,7,10,1,1,4,2
49.0,2,0,1,1,78901.0,734.0,4690.0,99.0,321.0,11.0,309.0,33.0,26.0,34.0,9,3,5,3,0,4,1
44.0,2,1,1,2,71427.0,614.0,4514.0,26.0,212.0,81.0,177.0,15.0,64.0,23.0,8,2,8,2,0,4,1
44.0,2,0,1,1,71022.0,1453.0,4543.0,30.0,909.0,12.0,278.0,0.0,12.0,126.5,5,2,11,3,1,8,1
34.0,3,0,0,0,90247.0,1621.0,4466.0,27.0,1184.0,32.0,352.0,21.0,16.0,16.0,3,4,7,1,3,1,2
54.0,3,0,1,1,41335.0,187.0,4590.0,24.0,112.0,19.0,21.0,16.0,14.0,5.0,4,1,4,3,0,7,0
36.0,2,1,1,1,71952.0,1443.0,4940.0,93.0,656.0,80.0,455.0,52.0,81.0,93.0,8,4,8,2,2,4,2
52.0,4,0,1,1,35682.0,57.0,4407.0,34.0,23.0,0.0,8.0,6.0,2.0,18.0,1,1,3,1,0,2,0
71.0,2,0,1,1,43185.0,637.0,4850.0,88.0,537.0,6.0,42.0,16.0,6.0,30.0,9,3,6,2,0,8,1
74.0,4,1,1,1,66375.0,948.0,4625.0,96.0,712.0,0.0,45.0,0.0,0.0,126.5,2,4,5,3,1,7,1
51.0,3,1,1,1,35178.0,59.0,4940.0,10.0,23.0,1.0,13.0,2.0,2.0,18.0,1,1,2,1,1,7,0
36.0,2,1,1,1,25252.0,18.0,4757.0,26.0,1.0,3.0,4.0,2.0,2.0,6.0,1,0,2,1,0,8,0
57.0,3,0,1,1,55250.0,903.0,5021.0,49.0,664.0,58.0,83.0,32.0,0.0,66.0,7,5,10,4,0,5,1
47.0,2,0,1,1,33249.0,112.0,4899.0,11.0,6.0,10.0,21.0,19.0,14.0,42.0,2,1,3,2,0,6,0
69.0,2,1,0,0,58398.0,596.0,4816.0,44.0,299.0,5.0,201.0,21.0,21.0,49.0,5,4,8,3,0,4,2
40.0,2,1,1,1,50272.0,233.0,4731.0,75.0,99.0,13.0,66.0,43.0,8.0,4.0,4,1,5,3,0,7,0
47.0,4,1,0,0,76618.0,1511.0,4974.0,64.0,749.0,40.0,294.0,120.5,81.0,126.5,3,2,5,1,0,1,2
62.0,1,0,0,0,87305.0,1152.0,5049.0,19.0,345.0,25.0,501.0,63.0,81.0,80.0,5,3,8,1,1,2,2
44.0,2,1,1,1,25851.0,48.0,4908.0,45.0,9.0,4.0,18.0,7.0,5.0,5.0,2,0,3,2,0,7,0
52.0,2,0,1,1,58710.0,1185.0,4860.0,77.0,440.0,81.0,368.0,0.0,81.0,126.5,11,5,9,6,0,6,1
64.0,2,0,1,2,45160.0,21.0,4497.0,9.0,8.0,2.0,5.0,3.0,0.0,3.0,1,0,2,1,0,7,0
57.0,3,1,1,1,74806.0,965.0,4962.0,1.0,670.0,9.0,249.0,0.0,28.0,9.0,5,4,5,2,0,4,1
68.0,2,1,0,0,59111.0,869.0,4828.0,90.0,524.0,0.0,134.0,28.0,28.0,126.5,11,1,8,1,0,7,1
38.0,4,1,1,1,18988.0,16.0,4442.0,43.0,6.0,0.0,6.0,2.0,1.0,1.0,1,0,3,2,0,7,0
57.0,2,1,0,0,72190.0,1947.0,4906.0,79.0,597.0,81.0,556.0,120.5,81.0,126.5,5,6,4,1,0,3,2
46.0,2,1,1,1,7500.0,71.0,5102.0,19.0,7.0,0.0,12.0,13.0,7.0,32.0,4,1,2,5,1,9,0
56.0,2,1,1,1,44794.0,65.0,4426.0,99.0,54.0,0.0,7.0,0.0,0.0,4.0,2,0,3,1,0,6,0
67.0,2,1,0,0,80395.0,1380.0,4623.0,62.0,445.0,25.0,556.0,80.0,76.0,48.0,6,5,12,1,1,2,2
46.0,3,0,0,0,75012.0,1027.0,4560.0,41.0,294.0,81.0,218.0,120.5,58.0,126.5,3,8,11,1,0,1,2
57.0,3,1,1,3,56962.0,411.0,4666.0,60.0,292.0,3.0,77.0,10.0,3.0,26.0,6,3,5,7,0,7,1
31.0,2,1,0,0,89891.0,836.0,4845.0,17.0,412.0,22.0,132.0,59.0,28.0,126.5,11,6,8,1,1,4,2
73.0,4,0,1,2,35946.0,11.0,4680.0,24.0,8.0,0.0,3.0,0.0,0.0,0.0,0,0,3,1,0,5,0
69.0,4,1,1,2,53593.0,480.0,5096.0,60.0,349.0,4.0,78.0,6.0,0.0,43.0,7,2,6,8,0,8,1
44.0,2,1,1,2,66373.0,606.0,4787.0,57.0,328.0,9.0,124.0,12.0,24.0,109.0,4,2,10,7,0,3,1
74.0,4,0,1,3,45072.0,284.0,4661.0,74.0,144.0,2.0,99.0,7.0,2.0,30.0,6,1,4,5,0,8,1
49.0,2,0,1,2,89694.0,1472.0,4668.0,22.0,1126.0,28.0,211.0,37.0,28.0,42.0,4,3,4,3,3,5,1
73.0,2,1,0,0,72025.0,1677.0,4466.0,46.0,967.0,0.0,556.0,43.0,50.0,0.0,4,8,13,1,3,2,2
49.0,2,1,1,1,67432.0,1335.0,4862.0,69.0,432.0,79.0,341.0,120.5,81.0,126.5,8,5,4,2,0,4,2
70.0,3,1,1,1,70545.0,334.0,4431.0,29.0,138.0,39.0,63.0,55.0,18.0,21.0,4,1,7,1,0,2,1
33.0,0,1,1,1,17487.0,18.0,4873.0,37.0,0.0,0.0,1.0,7.0,4.0,6.0,1,0,2,1,0,7,0
53.0,2,1,1,1,62882.0,1338.0,5094.0,26.0,509.0,81.0,497.0,78.0,24.0,97.0,7,5,6,2,0,4,1
69.0,4,0,1,1,64108.0,1099.0,4868.0,8.0,948.0,10.0,86.0,13.0,21.0,21.0,6,9,11,4,0,5,1
66.0,3,1,1,2,34941.0,97.0,4885.0,26.0,39.0,2.0,25.0,4.0,3.0,24.0,3,0,3,2,0,8,0
72.0,4,0,1,3,48767.0,63.0,4584.0,79.0,28.0,1.0,21.0,3.0,0.0,10.0,2,1,3,3,0,5,0
44.0,1,1,1,1,38702.0,109.0,4737.0,71.0,13.0,11.0,24.0,13.0,8.0,40.0,3,0,4,2,0,6,0
58.0,2,1,0,0,82224.0,902.0,4560.0,83.0,307.0,26.0,360.0,120.5,31.0,40.0,6,9,5,1,1,3,2
70.0,2,1,0,0,83844.0,1574.0,4818.0,57.0,901.0,31.0,345.0,75.0,31.0,126.5,4,4,11,1,1,1,2
47.0,1,1,1,1,17003.0,38.0,4607.0,37.0,2.0,5.0,12.0,4.0,8.0,7.0,2,0,4,3,0,5,0
27.0,2,0,0,0,71163.0,960.0,4517.0,30.0,283.0,17.0,372.0,120.5,81.0,44.0,3,8,12,1,0,1,2
52.0,2,0,1,1,33697.0,28.0,4692.0,34.0,4.0,3.0,7.0,0.0,3.0,11.0,1,0,2,1,1,7,0
68.0,1,1,0,0,63564.0,1215.0,4556.0,0.0,769.0,80.0,252.0,15.0,34.0,65.0,10,10,7,1,1,6,2
50.0,4,1,0,0,83443.0,1497.0,4585.0,89.0,518.0,42.0,556.0,55.0,56.0,84.0,6,10,5,1,0,2,2
64.0,4,1,1,1,51518.0,449.0,4674.0,92.0,350.0,8.0,66.0,17.0,4.0,4.0,3,2,10,2,0,3,1
47.0,2,0,1,1,58330.0,1064.0,4591.0,87.0,445.0,53.0,213.0,104.0,81.0,126.5,6,4,13,1,0,4,2
53.0,2,1,0,0,80952.0,1757.0,4891.0,20.0,778.0,81.0,556.0,41.0,27.0,44.0,8,5,11,1,3,8,2
43.0,2,1,0,0,75507.0,1440.0,4463.0,56.0,709.0,81.0,374.0,104.0,80.0,80.0,8,6,6,1,0,3,2
44.0,1,1,0,0,63855.0,1006.0,4910.0,28.0,359.0,35.0,314.0,93.0,81.0,89.0,7,3,13,1,0,4,2
50.0,4,1,1,1,62220.0,1226.0,5092.0,55.0,799.0,12.0,375.0,16.0,12.0,12.0,7,6,5,5,0,6,1
58.0,2,1,1,1,58512.0,1171.0,4688.0,25.0,895.0,10.0,101.0,13.0,0.0,126.5,3,4,8,5,0,8,1
43.0,3,1,1,1,40662.0,92.0,4876.0,0.0,40.0,2.0,23.0,0.0,4.0,23.0,2,1,3,2,0,4,0
63.0,4,1,1,1,38829.0,99.0,4489.0,86.0,76.0,0.0,7.0,0.0,0.0,16.0,3,2,2,1,0,5,0
41.0,1,1,1,1,35523.0,66.0,4674.0,8.0,11.0,5.0,22.0,12.0,5.0,11.0,3,0,3,2,0,7,0
55.0,2,0,1,2,79146.0,564.0,4471.0,33.0,245.0,16.0,223.0,21.0,43.0,16.0,8,1,8,2,0,6,1
34.0,3,1,0,0,78285.0,1427.0,4649.0,13.0,647.0,81.0,391.0,120.5,67.0,40.0,6,4,10,1,0,3,2
44.0,4,0,1,1,31626.0,86.0,4820.0,12.0,39.0,1.0,9.0,2.0,1.0,34.0,2,1,2,1,1,7,0
70.0,2,0,0,0,75127.0,833.0,4443.0,92.0,203.0,35.0,305.0,46.0,17.0,126.5,2,11,5,1,0,1,2
67.0,2,1,1,1,48726.0,242.0,4833.0,90.0,138.0,3.0,38.0,4.0,0.0,59.0,3,2,4,3,0,6,0
45.0,2,1,0,0,74985.0,1869.0,5061.0,8.0,587.0,51.0,556.0,120.5,0.0,86.0,3,6,7,1,0,2,2
35.0,2,1,0,0,67430.0,1364.0,5067.0,6.0,595.0,81.0,291.0,120.5,81.0,121.0,11,5,12,1,0,6,2
57.0,1,1,1,1,46891.0,183.0,4706.0,91.0,43.0,12.0,23.0,29.0,15.0,61.0,2,1,4,1,0,4,0
66.0,3,1,1,1,62058.0,450.0,4804.0,52.0,301.0,7.0,74.0,10.0,0.0,58.0,6,1,7,4,0,6,1
43.0,2,1,1,1,72063.0,758.0,4766.0,3.0,180.0,32.0,348.0,76.0,32.0,90.0,5,2,12,2,0,2,2
71.0,4,1,0,0,78939.0,1507.0,4604.0,57.0,794.0,81.0,243.0,120.5,0.0,126.5,8,5,6,1,0,3,2
57.0,2,0,1,2,42720.0,654.0,4836.0,9.0,392.0,5.0,91.0,28.0,26.0,112.0,7,3,7,8,0,8,1
50.0,2,1,1,2,33622.0,81.0,4847.0,22.0,39.0,1.0,22.0,3.0,4.0,12.0,2,0,4,3,0,7,0
65.0,4,1,1,1,6835.0,137.0,4973.0,76.0,107.0,2.0,12.0,2.0,2.0,12.0,0,0,1,0,0,20,0
69.0,2,1,1,2,41452.0,16.0,4885.0,86.0,13.0,0.0,3.0,0.0,0.0,0.0,1,0,2,1,0,7,0
57.0,4,0,1,1,40760.0,93.0,4708.0,64.0,70.0,0.0,17.0,0.0,0.0,6.0,2,1,3,2,0,6,0
64.0,4,1,0,0,74250.0,1158.0,4559.0,90.0,680.0,11.0,392.0,75.0,0.0,0.0,2,11,4,1,0,1,2
67.0,3,0,1,2,51124.0,43.0,4598.0,79.0,26.0,1.0,11.0,0.0,1.0,4.0,1,0,3,2,0,3,0
51.0,2,0,1,1,72258.0,1525.0,4695.0,28.0,522.0,0.0,522.0,120.5,81.0,126.5,6,9,5,2,0,2,2
48.0,4,0,0,0,71466.0,1230.0,4490.0,86.0,412.0,12.0,546.0,78.0,81.0,0.0,4,4,10,1,0,1,2
46.0,2,1,1,2,36283.0,29.0,4481.0,42.0,6.0,5.0,5.0,8.0,0.0,5.0,1,0,3,2,0,4,0
52.0,2,0,1,1,20587.0,25.0,4454.0,39.0,2.0,3.0,6.0,4.0,1.0,9.0,1,1,2,1,0,7,0
50.0,2,1,1,1,30467.0,24.0,4507.0,8.0,1.0,3.0,8.0,2.0,5.0,5.0,1,0,2,1,0,7,0
50.0,2,1,1,1,31590.0,38.0,4781.0,40.0,6.0,2.0,15.0,6.0,6.0,3.0,1,0,3,1,0,8,0
36.0,0,1,1,1,20425.0,57.0,5013.0,5.0,4.0,12.0,5.0,3.0,16.0,17.0,2,0,3,2,0,7,0
62.0,3,1,1,2,17144.0,47.0,4539.0,96.0,18.0,2.0,19.0,0.0,2.0,6.0,3,0,4,5,0,7,0
54.0,4,0,1,1,42564.0,813.0,4948.0,28.0,324.0,48.0,186.0,39.0,18.0,126.5,6,8,4,6,1,7,1
44.0,3,1,1,1,43783.0,629.0,4436.0,22.0,327.0,9.0,125.0,25.0,4.0,126.5,7,1,8,6,1,7,1
46.0,2,0,1,1,40780.0,377.0,5064.0,30.0,229.0,27.0,71.0,13.0,3.0,34.0,7,1,5,4,0,9,1
77.0,3,1,0,0,62847.0,1612.0,4935.0,45.0,521.0,81.0,556.0,80.0,76.0,61.0,3,6,4,1,0,2,2
65.0,4,1,0,0,82017.0,729.0,5004.0,58.0,184.0,23.0,446.0,30.0,23.0,23.0,5,4,7,1,3,2,2
72.0,2,0,0,0,16813.0,50.0,4750.0,49.0,4.0,8.0,11.0,12.0,2.0,13.0,2,0,3,1,1,7,0
44.0,2,1,1,2,51267.0,270.0,4648.0,37.0,183.0,2.0,64.0,7.0,2.0,12.0,3,3,5,4,0,4,0
61.0,2,0,1,1,46524.0,177.0,4855.0,70.0,31.0,19.0,35.0,26.0,14.0,52.0,1,1,5,2,0,3,0
60.0,3,0,0,0,45183.0,315.0,4930.0,33.0,219.0,3.0,60.0,12.0,9.0,12.0,4,1,7,1,1,7,1
68.0,4,1,1,1,70421.0,767.0,4406.0,98.0,479.0,28.0,136.0,75.0,14.0,35.0,10,3,7,3,0,6,1
57.0,1,0,1,1,60161.0,1071.0,5019.0,17.0,584.0,44.0,212.0,46.0,8.0,126.5,11,4,8,3,0,8,1
49.0,2,1,0,0,73926.0,1580.0,4889.0,54.0,627.0,81.0,556.0,120.5,81.0,15.0,6,5,12,1,0,3,2
54.0,2,1,1,1,19329.0,60.0,4602.0,39.0,24.0,1.0,16.0,12.0,2.0,5.0,4,0,3,3,0,8,0
52.0,3,1,1,1,61872.0,573.0,4603.0,81.0,330.0,5.0,159.0,36.0,27.0,16.0,4,4,9,4,0,4,1
66.0,2,0,1,2,46984.0,41.0,4865.0,71.0,19.0,1.0,10.0,2.0,1.0,8.0,1,0,3,1,0,5,0
71.0,2,1,1,2,34838.0,170.0,4931.0,62.0,28.0,23.0,29.0,29.0,14.0,47.0,2,1,4,3,0,6,1
78.0,4,0,0,0,82716.0,1167.0,4641.0,8.0,606.0,81.0,228.0,15.0,81.0,22.0,6,8,13,1,0,2,2
64.0,2,1,0,0,48192.0,1526.0,4854.0,76.0,1039.0,43.0,204.0,120.5,58.0,29.0,2,8,12,3,3,8,2
46.0,3,1,1,2,49681.0,458.0,4642.0,66.0,411.0,0.0,26.0,0.0,0.0,21.0,7,1,7,6,0,7,1
51.0,3,1,1,1,56850.0,63.0,4503.0,83.0,34.0,1.0,19.0,2.0,7.0,0.0,1,1,3,1,0,2,0
65.0,2,1,1,1,55267.0,405.0,4656.0,28.0,161.0,28.0,136.0,32.0,3.0,45.0,3,4,6,4,0,3,1
50.0,2,1,1,2,59666.0,1027.0,4869.0,87.0,623.0,53.0,178.0,23.0,17.0,126.5,3,2,8,7,1,8,1
50.0,2,0,1,1,72504.0,1478.0,4854.0,43.0,604.0,26.0,470.0,120.5,81.0,94.0,5,9,6,2,0,2,2
41.0,2,1,0,0,26872.0,72.0,4661.0,0.0,3.0,10.0,8.0,3.0,16.0,32.0,1,1,2,1,0,6,0
50.0,2,0,1,1,21359.0,48.0,4840.0,1.0,12.0,2.0,17.0,6.0,1.0,10.0,2,0,3,2,0,8,0
47.0,2,0,0,0,73170.0,726.0,4434.0,1.0,184.0,81.0,256.0,50.0,30.0,32.0,5,4,6,1,0,2,2
67.0,3,1,1,1,52750.0,860.0,4915.0,72.0,393.0,0.0,239.0,90.0,69.0,69.0,5,7,9,6,0,4,1
36.0,4,1,0,0,91820.0,1497.0,4623.0,72.0,410.0,73.0,556.0,76.0,81.0,30.0,5,5,12,0,0,1,2
52.0,4,1,1,1,65968.0,495.0,4453.0,12.0,376.0,9.0,83.0,19.0,4.0,4.0,5,4,7,2,0,3,1
46.0,2,1,1,2,30772.0,20.0,4514.0,89.0,7.0,2.0,4.0,2.0,1.0,4.0,1,0,2,1,0,6,0
68.0,2,0,0,0,22507.0,570.0,4987.0,67.0,68.0,0.0,226.0,51.0,81.0,68.0,10,2,4,3,0,9,1
50.0,2,1,1,1,65685.0,769.0,4497.0,54.0,642.0,14.0,49.0,0.0,7.0,57.0,9,2,9,1,0,5,1
44.0,1,1,1,1,25804.0,55.0,4706.0,34.0,8.0,7.0,9.0,13.0,6.0,12.0,2,0,3,2,0,8,0
42.0,4,0,0,0,76412.0,1808.0,4825.0,15.0,840.0,53.0,556.0,23.0,71.0,17.0,5,4,8,1,2,3,2
50.0,2,1,1,1,22063.0,55.0,4730.0,43.0,7.0,10.0,13.0,3.0,11.0,11.0,2,0,3,2,0,7,0
61.0,2,0,0,0,57091.0,577.0,4419.0,0.0,464.0,5.0,64.0,7.0,0.0,37.0,7,3,7,1,1,5,2
59.0,2,1,0,0,22419.0,162.0,4842.0,74.0,30.0,3.0,47.0,19.0,21.0,42.0,3,2,2,1,0,8,0
63.0,2,1,1,1,87771.0,1957.0,4808.0,61.0,1225.0,38.0,287.0,50.0,57.0,33.0,5,10,4,1,4,6,2
63.0,1,0,1,1,78353.0,1576.0,4844.0,51.0,752.0,81.0,476.0,39.0,81.0,34.0,10,2,11,1,0,8,1
68.0,2,1,1,3,93404.0,1616.0,4823.0,97.0,1225.0,15.0,287.0,20.0,0.0,15.0,3,4,7,3,2,5,1
60.0,2,0,1,3,37859.0,36.0,4938.0,75.0,22.0,1.0,8.0,2.0,1.0,2.0,1,0,3,2,0,8,0
64.0,4,0,1,1,80995.0,1482.0,4819.0,83.0,860.0,28.0,409.0,73.0,56.0,56.0,8,9,4,1,0,4,2
38.0,2,1,1,1,16529.0,22.0,4525.0,23.0,3.0,0.0,5.0,13.0,0.0,1.0,1,0,3,1,0,6,0
46.0,4,0,1,2,55412.0,63.0,4624.0,65.0,10.0,5.0,28.0,11.0,1.0,8.0,2,0,3,1,0,5,0
30.0,2,0,0,0,48789.0,680.0,5062.0,94.0,351.0,16.0,156.0,7.0,5.0,126.5,6,4,7,1,0,6,2
55.0,4,1,1,2,56575.0,542.0,4825.0,42.0,421.0,5.0,90.0,0.0,16.0,10.0,7,3,7,3,0,5,1
42.0,1,1,1,1,25130.0,50.0,4675.0,10.0,2.0,5.0,7.0,0.0,18.0,18.0,2,0,3,2,0,7,0
55.0,2,1,1,2,35441.0,39.0,4905.0,94.0,25.0,1.0,9.0,2.0,1.0,1.0,1,0,3,2,0,8,0
66.0,2,1,1,1,71391.0,1043.0,4862.0,50.0,336.0,81.0,274.0,46.0,81.0,126.5,6,5,12,5,0,3,1
50.0,3,0,1,1,49494.0,385.0,4835.0,46.0,191.0,9.0,97.0,0.0,6.0,82.0,6,1,5,2,0,7,1
42.0,2,0,0,0,81702.0,1633.0,5049.0,98.0,563.0,50.0,556.0,28.0,31.0,126.5,7,7,12,1,0,3,2
42.0,1,0,1,1,45889.0,46.0,4767.0,42.0,31.0,0.0,6.0,0.0,1.0,8.0,1,0,3,1,0,6,0
45.0,2,0,1,1,56628.0,761.0,4505.0,30.0,479.0,5.0,82.0,7.0,17.0,126.5,7,6,5,2,1,5,1
72.0,2,1,1,2,34026.0,76.0,4733.0,11.0,18.0,6.0,15.0,12.0,8.0,17.0,2,1,3,3,0,5,0
48.0,2,1,1,1,40049.0,290.0,4982.0,61.0,91.0,65.0,52.0,10.0,44.0,28.0,3,2,6,3,0,5,1
34.0,2,0,1,1,34176.0,89.0,4453.0,12.0,5.0,7.0,24.0,19.0,14.0,20.0,3,0,4,4,0,6,0
41.0,2,1,1,1,19419.0,70.0,5001.0,76.0,2.0,14.0,28.0,16.0,3.0,7.0,4,0,3,4,0,9,0
62.0,1,1,0,0,82504.0,1066.0,4742.0,2.0,362.0,50.0,431.0,120.5,35.0,54.0,3,6,7,1,0,1,2
52.0,2,1,0,0,81205.0,2009.0,4572.0,43.0,724.0,74.0,556.0,97.0,55.0,126.5,5,6,7,1,3,2,2
31.0,1,0,0,0,61618.0,1345.0,5043.0,27.0,605.0,81.0,399.0,0.0,45.0,126.5,3,6,8,2,0,3,2
66.0,3,0,1,1,55284.0,764.0,4957.0,60.0,547.0,7.0,140.0,0.0,7.0,63.0,7,5,8,3,0,5,1
59.0,2,0,1,1,49980.0,195.0,4654.0,79.0,104.0,1.0,54.0,13.0,9.0,14.0,3,1,5,2,0,5,0
42.0,2,1,1,2,15072.0,53.0,4820.0,96.0,8.0,2.0,15.0,0.0,10.0,18.0,3,1,3,4,0,5,0
48.0,2,0,1,1,49166.0,368.0,4786.0,17.0,224.0,2.0,25.0,7.0,0.0,110.0,5,3,3,2,0,6,1
68.0,4,1,1,1,65324.0,544.0,4574.0,0.0,384.0,0.0,102.0,21.0,32.0,5.0,6,2,9,3,0,4,1
65.0,1,1,0,0,82347.0,1853.0,5005.0,38.0,556.0,54.0,556.0,120.5,81.0,63.0,7,7,10,1,2,3,2
56.0,4,1,1,2,30843.0,35.0,4439.0,43.0,24.0,0.0,2.0,0.0,0.0,9.0,1,1,2,2,1,5,0
48.0,4,1,1,1,46374.0,446.0,4509.0,1.0,408.0,0.0,21.0,0.0,0.0,17.0,7,1,7,3,2,8,1
43.0,2,0,1,1,60474.0,1180.0,4859.0,25.0,265.0,81.0,303.0,120.5,9.0,126.5,10,2,12,7,0,7,1
49.0,3,1,1,1,38576.0,41.0,4522.0,2.0,34.0,0.0,7.0,0.0,0.0,0.0,1,0,3,1,0,7,0
37.0,2,1,1,2,55357.0,727.0,4900.0,66.0,374.0,64.0,116.0,84.0,25.0,64.0,6,2,11,3,0,5,1
56.0,2,1,1,2,37758.0,40.0,5038.0,49.0,27.0,2.0,10.0,0.0,0.0,1.0,1,0,3,2,0,8,0
33.0,1,1,0,0,85710.0,1062.0,4825.0,5.0,600.0,20.0,350.0,29.0,30.0,33.0,6,9,10,1,1,2,2
53.0,2,1,1,1,23228.0,40.0,4559.0,71.0,13.0,2.0,18.0,6.0,1.0,0.0,2,0,3,2,0,8,0
53.0,3,1,1,2,44602.0,292.0,4539.0,35.0,167.0,2.0,89.0,0.0,0.0,34.0,6,1,4,6,0,8,1
35.0,2,1,0,0,7500.0,15.0,4941.0,94.0,0.0,2.0,3.0,4.0,1.0,5.0,0,0,3,1,0,6,0
33.0,1,1,1,1,38683.0,341.0,5038.0,80.0,46.0,35.0,69.0,84.0,41.0,66.0,4,1,6,6,0,7,1
47.0,1,0,1,1,49514.0,369.0,4599.0,61.0,88.0,39.0,78.0,58.0,13.0,93.0,6,1,4,2,0,7,1
49.0,4,1,1,1,57906.0,401.0,4788.0,29.0,243.0,11.0,119.0,10.0,3.0,15.0,4,2,8,3,0,4,1
56.0,3,0,1,1,43456.0,393.0,4865.0,0.0,275.0,11.0,68.0,25.0,7.0,7.0,5,1,8,3,0,5,1
36.0,3,0,1,2,19485.0,10.0,4683.0,80.0,6.0,0.0,4.0,0.0,0.0,0.0,1,0,2,1,0,7,0
44.0,2,1,1,1,53172.0,486.0,4824.0,54.0,121.0,62.0,90.0,68.0,20.0,125.0,2,3,8,3,0,3,1
43.0,2,1,1,1,30545.0,69.0,5025.0,71.0,4.0,12.0,15.0,19.0,7.0,12.0,2,0,3,2,0,7,0
39.0,4,1,0,0,70123.0,1727.0,4679.0,27.0,1225.0,0.0,396.0,23.0,0.0,0.0,5,7,4,1,2,3,2
63.0,2,0,1,1,62450.0,995.0,4579.0,61.0,515.0,47.0,267.0,62.0,66.0,38.0,5,5,4,2,1,3,2
46.0,2,1,1,1,21675.0,45.0,4423.0,55.0,4.0,0.0,16.0,17.0,4.0,4.0,4,0,3,3,0,7,0
41.0,1,0,1,2,42395.0,182.0,4491.0,35.0,48.0,13.0,57.0,24.0,15.0,25.0,3,1,4,4,0,7,0
44.0,3,1,1,1,61346.0,989.0,4671.0,34.0,562.0,58.0,168.0,43.0,16.0,126.5,5,7,10,1,0,3,2
69.0,2,1,0,0,80812.0,1677.0,4690.0,95.0,769.0,22.0,500.0,120.5,81.0,33.0,4,8,5,1,3,2,2
51.0,3,0,1,2,42835.0,595.0,4769.0,64.0,379.0,4.0,93.0,12.0,9.0,98.0,6,6,4,7,0,6,1
39.0,2,1,1,1,39922.0,156.0,4905.0,30.0,29.0,12.0,59.0,19.0,1.0,36.0,3,0,4,2,0,8,0
66.0,3,0,0,0,86424.0,1226.0,4490.0,12.0,387.0,68.0,556.0,89.0,45.0,68.0,6,9,12,1,0,1,2
44.0,1,1,1,1,17117.0,128.0,4933.0,96.0,12.0,23.0,38.0,30.0,18.0,7.0,3,1,3,4,0,9,0
50.0,2,0,1,1,24762.0,86.0,4544.0,16.0,6.0,10.0,12.0,3.0,15.0,40.0,3,1,2,3,1,8,0
47.0,2,1,1,1,35797.0,68.0,5026.0,16.0,27.0,1.0,14.0,4.0,1.0,21.0,2,0,3,2,0,8,0
47.0,2,0,1,2,36627.0,16.0,4746.0,78.0,9.0,1.0,5.0,0.0,0.0,1.0,0,0,3,1,0,5,0
41.0,1,1,1,2,51111.0,55.0,4415.0,83.0,22.0,0.0,19.0,6.0,5.0,3.0,2,0,3,2,0,6,0
50.0,4,0,0,0,86857.0,2114.0,5060.0,96.0,899.0,81.0,556.0,120.5,81.0,40.0,5,6,10,1,0,2,2
52.0,4,1,0,0,82072.0,2018.0,4767.0,67.0,889.0,55.0,556.0,120.5,81.0,126.5,3,2,13,1,0,1,2
69.0,4,0,1,3,46231.0,263.0,4985.0,87.0,189.0,2.0,55.0,0.0,5.0,12.0,6,1,4,4,0,9,1
63.0,2,1,1,2,42243.0,55.0,4605.0,34.0,48.0,0.0,2.0,0.0,0.0,5.0,2,0,3,2,0,7,0
60.0,2,1,1,2,51195.0,564.0,4859.0,46.0,230.0,14.0,156.0,82.0,24.0,58.0,9,2,5,8,0,8,1
44.0,3,0,0,0,68092.0,1281.0,4600.0,7.0,852.0,60.0,207.0,78.0,36.0,48.0,2,6,10,2,0,5,2
49.0,2,1,1,1,31814.0,83.0,4910.0,73.0,35.0,3.0,20.0,4.0,1.0,20.0,2,0,3,2,1,9,0
57.0,3,0,1,2,51390.0,353.0,5064.0,54.0,205.0,20.0,47.0,23.0,2.0,56.0,5,2,5,6,0,5,1
39.0,2,1,0,0,76630.0,1003.0,4571.0,93.0,255.0,31.0,446.0,40.0,56.0,126.5,3,10,11,1,0,1,2
31.0,0,0,1,1,26868.0,14.0,4465.0,52.0,0.0,0.0,1.0,8.0,3.0,2.0,1,0,2,1,0,7,0
79.0,4,0,0,0,48948.0,902.0,4918.0,53.0,437.0,8.0,206.0,120.5,49.0,42.0,7,10,5,2,1,6,2
50.0,4,0,1,1,55260.0,1139.0,4969.0,81.0,825.0,8.0,53.0,11.0,0.0,126.5,8,10,5,2,0,6,1
66.0,2,1,1,1,64090.0,797.0,4731.0,8.0,316.0,58.0,161.0,76.0,51.0,126.5,6,9,4,1,0,5,2
64.0,2,0,1,1,78331.0,1638.0,4562.0,97.0,756.0,81.0,354.0,120.5,81.0,61.0,10,6,7,2,0,4,2
48.0,4,1,1,1,37087.0,401.0,4727.0,50.0,194.0,55.0,134.0,15.0,0.0,3.0,4,2,8,3,0,6,1
36.0,2,0,1,1,21846.0,84.0,4655.0,38.0,7.0,17.0,18.0,6.0,10.0,26.0,4,0,3,4,0,8,0
64.0,2,1,0,0,81320.0,928.0,4913.0,61.0,183.0,33.0,493.0,59.0,81.0,57.0,4,3,10,1,0,2,2
52.0,2,0,1,1,54137.0,203.0,4722.0,46.0,171.0,0.0,11.0,0.0,1.0,20.0,4,1,4,2,0,6,0
55.0,2,1,0,0,66825.0,858.0,4755.0,73.0,243.0,81.0,405.0,29.0,40.0,40.0,4,5,6,1,0,2,2
49.0,2,1,0,0,57100.0,409.0,4612.0,19.0,181.0,21.0,69.0,39.0,3.0,96.0,3,3,6,1,0,3,2
53.0,2,1,1,3,58917.0,282.0,4867.0,10.0,151.0,7.0,89.0,0.0,7.0,28.0,4,1,6,5,0,5,1
45.0,2,0,0,0,85072.0,1423.0,4486.0,94.0,494.0,81.0,391.0,120.5,11.0,126.5,3,4,10,1,0,0,2
61.0,2,0,0,0,86429.0,1449.0,4625.0,10.0,464.0,28.0,556.0,29.0,18.0,37.0,7,4,7,0,1,2,2
51.0,2,0,1,1,45684.0,28.0,4614.0,37.0,5.0,1.0,5.0,10.0,0.0,7.0,1,0,2,1,0,7,0
48.0,2,1,1,1,47889.0,67.0,4581.0,94.0,29.0,0.0,29.0,0.0,5.0,4.0,2,0,3,1,0,5,0
36.0,4,1,0,0,45921.0,199.0,4516.0,23.0,102.0,9.0,49.0,24.0,3.0,12.0,2,1,6,1,0,4,0
56.0,4,0,0,0,78420.0,1453.0,4770.0,75.0,604.0,28.0,556.0,91.0,28.0,28.0,3,10,8,1,0,1,2
30.0,2,1,0,0,75114.0,1253.0,4639.0,40.0,571.0,12.0,523.0,63.0,60.0,24.0,3,10,5,1,0,2,2
59.0,4,0,1,1,52278.0,1198.0,4925.0,24.0,953.0,0.0,71.0,0.0,0.0,126.5,10,5,10,6,0,8,1
50.0,3,1,1,1,35641.0,178.0,4755.0,11.0,63.0,3.0,67.0,8.0,9.0,28.0,3,1,4,2,0,7,0
28.0,2,0,0,0,95529.0,1990.0,4978.0,29.0,770.0,29.0,556.0,120.5,27.0,24.0,7,3,7,1,1,3,2
68.0,2,1,0,0,62820.0,976.0,4819.0,51.0,398.0,61.0,265.0,120.5,61.0,53.0,3,4,6,1,0,1,2
62.0,3,1,0,0,73113.0,1001.0,4590.0,86.0,741.0,19.0,154.0,50.0,9.0,28.0,3,4,7,1,0,2,2
40.0,4,1,0,0,84169.0,1919.0,4731.0,9.0,1225.0,19.0,403.0,0.0,19.0,0.0,7,6,6,1,2,3,2
68.0,1,0,1,1,42607.0,350.0,4629.0,30.0,156.0,29.0,56.0,30.0,32.0,47.0,3,2,7,2,0,3,1
68.0,4,0,0,0,74637.0,1650.0,4812.0,73.0,960.0,64.0,464.0,120.5,0.0,16.0,6,9,9,1,1,3,2
67.0,4,1,1,2,46015.0,46.0,4482.0,25.0,38.0,0.0,2.0,0.0,0.0,6.0,1,0,3,1,2,7,0
29.0,2,0,0,0,72354.0,1228.0,4843.0,67.0,315.0,26.0,473.0,120.5,12.0,126.5,2,10,6,1,0,1,2
53.0,3,0,1,1,39858.0,95.0,4926.0,67.0,15.0,20.0,25.0,2.0,7.0,26.0,2,0,4,1,0,6,0
74.0,4,1,1,2,34469.0,62.0,4461.0,58.0,19.0,6.0,20.0,0.0,5.0,12.0,1,1,4,3,0,4,0
36.0,2,1,1,1,83033.0,1761.0,4447.0,82.0,812.0,81.0,431.0,120.5,81.0,33.0,11,4,10,1,1,5,2
43.0,3,1,0,0,24401.0,467.0,5072.0,98.0,73.0,28.0,217.0,10.0,24.0,115.0,6,1,6,3,0,8,1
44.0,2,1,0,0,77583.0,1149.0,4544.0,93.0,372.0,23.0,384.0,120.5,12.0,108.0,4,5,9,1,1,2,2
40.0,1,0,0,0,74116.0,2052.0,4586.0,53.0,871.0,81.0,556.0,120.5,55.0,126.5,4,4,10,1,1,2,2
29.0,2,0,0,0,74293.0,1127.0,4461.0,66.0,375.0,81.0,335.0,93.0,81.0,81.0,5,4,6,1,0,2,2
46.0,4,1,1,1,68397.0,1416.0,4629.0,6.0,760.0,80.0,466.0,17.0,13.0,80.0,6,9,5,1,0,3,2
48.0,4,1,0,0,79632.0,1113.0,4487.0,42.0,471.0,0.0,510.0,99.0,21.0,12.0,6,4,9,1,0,2,2
33.0,2,0,1,1,46107.0,125.0,4544.0,78.0,31.0,9.0,27.0,16.0,9.0,33.0,1,1,4,1,0,3,0
71.0,4,0,1,1,64950.0,966.0,5091.0,29.0,819.0,0.0,72.0,12.0,0.0,63.0,11,2,10,2,1,7,1
33.0,0,1,1,1,25443.0,32.0,4959.0,82.0,1.0,4.0,3.0,8.0,9.0,7.0,1,0,3,1,0,8,0
70.0,2,0,0,0,75127.0,833.0,4443.0,92.0,203.0,35.0,305.0,46.0,17.0,126.5,2,11,5,1,0,1,2
51.0,4,1,1,1,32892.0,46.0,4440.0,78.0,26.0,0.0,15.0,2.0,1.0,2.0,3,0,3,2,0,8,0
51.0,2,1,0,0,71796.0,960.0,4653.0,54.0,354.0,21.0,311.0,120.5,75.0,32.0,9,3,4,1,0,4,2
52.0,4,1,1,1,67536.0,1829.0,4808.0,45.0,1225.0,0.0,447.0,23.0,71.0,35.0,11,5,11,3,1,8,1
51.0,2,0,1,1,55239.0,779.0,4755.0,59.0,371.0,17.0,238.0,23.0,24.0,106.0,7,5,11,3,0,5,1
47.0,4,0,1,1,60554.0,811.0,4729.0,8.0,588.0,7.0,76.0,110.0,15.0,15.0,8,4,9,2,0,6,1
70.0,1,0,1,2,64831.0,1120.0,4789.0,51.0,480.0,81.0,249.0,75.0,81.0,126.5,6,3,5,8,0,6,1
60.0,4,1,1,1,56067.0,725.0,4749.0,51.0,517.0,12.0,54.0,16.0,6.0,120.0,7,4,7,2,0,5,1
39.0,2,0,0,0,82025.0,1187.0,4802.0,76.0,267.0,81.0,556.0,48.0,70.0,98.0,3,2,6,1,1,1,2
69.0,2,1,0,0,94384.0,2302.0,4887.0,62.0,1111.0,24.0,556.0,120.5,45.0,126.5,5,8,5,0,3,2,2
36.0,0,0,0,0,14906.0,66.0,4959.0,86.0,7.0,7.0,14.0,7.0,16.0,15.0,2,1,3,3,0,7,0
35.0,4,1,0,0,51563.0,1250.0,5041.0,60.0,1166.0,0.0,48.0,0.0,0.0,36.0,4,4,10,1,2,8,1
40.0,1,1,1,1,57937.0,683.0,4538.0,56.0,261.0,42.0,144.0,55.0,48.0,126.5,4,4,9,3,0,3,2
43.0,2,0,1,2,68274.0,305.0,4677.0,83.0,135.0,25.0,51.0,23.0,25.0,46.0,4,2,5,2,0,3,1
45.0,2,1,1,1,39771.0,50.0,4610.0,92.0,6.0,2.0,18.0,2.0,8.0,14.0,2,0,3,1,0,4,0
47.0,1,0,1,1,67893.0,995.0,5041.0,31.0,711.0,28.0,142.0,49.0,18.0,47.0,3,2,9,2,0,8,1
43.0,4,1,1,1,27922.0,41.0,4455.0,80.0,11.0,0.0,13.0,2.0,4.0,11.0,2,0,3,1,0,4,0
46.0,4,1,1,2,52190.0,77.0,4457.0,39.0,42.0,0.0,17.0,0.0,0.0,18.0,2,1,3,3,1,5,0
49.0,3,0,1,2,44051.0,171.0,4921.0,20.0,79.0,7.0,58.0,6.0,3.0,18.0,3,1,4,4,0,6,0
51.0,4,0,1,2,42767.0,131.0,4819.0,53.0,20.0,6.0,43.0,19.0,5.0,38.0,3,1,2,1,0,8,0
46.0,3,1,1,2,46106.0,54.0,4454.0,84.0,30.0,0.0,8.0,2.0,0.0,14.0,1,1,2,1,0,6,0
46.0,4,1,1,2,16927.0,53.0,4909.0,50.0,20.0,2.0,23.0,3.0,1.0,4.0,3,0,4,5,0,8,0
57.0,2,1,1,1,59754.0,475.0,4980.0,96.0,115.0,27.0,44.0,4.0,81.0,126.5,5,2,6,3,0,5,1
70.0,2,0,1,1,53700.0,694.0,5086.0,94.0,263.0,5.0,233.0,69.0,41.0,83.0,5,5,8,4,0,5,1
49.0,2,1,1,2,59041.0,96.0,4458.0,25.0,69.0,2.0,15.0,2.0,2.0,6.0,2,0,4,2,0,5,0
65.0,4,0,1,1,54237.0,361.0,4833.0,48.0,267.0,3.0,30.0,4.0,0.0,57.0,5,2,5,4,0,6,1
55.0,2,0,1,1,70647.0,1079.0,5051.0,65.0,561.0,81.0,171.0,25.0,81.0,114.0,4,7,13,2,0,2,2
60.0,4,0,1,1,52597.0,578.0,4458.0,69.0,492.0,0.0,37.0,7.0,0.0,42.0,6,3,8,3,0,5,1
53.0,3,1,1,1,41021.0,64.0,4951.0,12.0,14.0,7.0,9.0,6.0,16.0,12.0,2,0,3,2,0,6,0
47.0,4,1,1,1,40233.0,149.0,4663.0,84.0,80.0,4.0,46.0,0.0,17.0,2.0,2,1,5,5,0,6,0
42.0,2,1,1,2,50183.0,231.0,4409.0,47.0,97.0,12.0,84.0,13.0,10.0,15.0,3,1,6,7,0,5,1
63.0,2,1,1,1,54753.0,728.0,4695.0,87.0,197.0,81.0,227.0,7.0,59.0,126.5,5,2,11,3,0,4,1
49.0,2,1,0,0,92955.0,1778.0,4719.0,35.0,693.0,21.0,556.0,31.0,24.0,84.0,6,7,9,1,2,2,2
49.0,2,1,1,1,33471.0,93.0,5030.0,47.0,43.0,2.0,27.0,0.0,9.0,12.0,3,0,4,3,0,7,0
48.0,4,1,1,1,34596.0,23.0,4847.0,48.0,14.0,0.0,2.0,0.0,0.0,7.0,1,0,2,1,0,8,0
42.0,2,1,1,1,44010.0,662.0,5029.0,46.0,186.0,36.0,234.0,86.0,72.0,48.0,10,2,6,6,0,9,1
34.0,2,1,0,0,84219.0,1198.0,4552.0,27.0,434.0,81.0,400.0,45.0,81.0,45.0,3,4,10,1,0,1,2
54.0,4,1,1,3,40706.0,81.0,4933.0,37.0,59.0,0.0,11.0,4.0,2.0,5.0,3,0,4,4,0,7,0
34.0,1,1,1,1,15716.0,92.0,4999.0,8.0,16.0,5.0,30.0,8.0,7.0,26.0,3,0,4,3,0,8,0
63.0,1,0,1,1,59052.0,491.0,4629.0,29.0,230.0,35.0,75.0,63.0,57.0,31.0,7,1,7,3,0,5,1
51.0,3,1,0,0,80573.0,1564.0,5028.0,85.0,829.0,81.0,430.0,60.0,81.0,15.0,4,6,13,1,0,2,2
60.0,2,1,0,0,83715.0,926.0,4551.0,2.0,318.0,8.0,407.0,120.5,35.0,8.0,2,8,13,1,0,0,2
63.0,3,1,0,0,82576.0,1910.0,5102.0,66.0,1206.0,55.0,445.0,120.5,18.0,18.0,2,4,12,1,1,1,2
57.0,3,1,1,3,56962.0,411.0,4666.0,60.0,292.0,3.0,77.0,10.0,3.0,26.0,6,3,5,7,0,7,1
70.0,2,1,1,2,35704.0,94.0,4582.0,54.0,30.0,9.0,12.0,2.0,11.0,30.0,2,0,4,3,0,4,0
68.0,2,1,1,1,53103.0,1085.0,4695.0,70.0,729.0,17.0,133.0,11.0,0.0,126.5,10,6,7,5,1,7,1
62.0,1,0,1,2,46779.0,23.0,4757.0,55.0,12.0,1.0,3.0,0.0,0.0,7.0,0,1,2,1,0,4,0
57.0,2,0,0,0,4861.0,6.0,4412.0,20.0,2.0,1.0,1.0,1.0,0.0,1.0,0,0,0,0,0,14,0
43.0,3,0,1,1,33462.0,54.0,4731.0,78.0,22.0,3.0,18.0,0.0,0.0,11.0,2,0,3,1,0,7,0
44.0,2,0,1,1,63693.0,1150.0,4663.0,63.0,587.0,43.0,337.0,42.0,81.0,54.0,11,6,9,3,0,6,1
72.0,2,1,0,0,80763.0,1415.0,4723.0,17.0,674.0,81.0,108.0,120.5,42.0,126.5,5,11,6,1,2,3,2
48.0,4,1,1,1,65352.0,405.0,4717.0,43.0,284.0,3.0,84.0,4.0,7.0,23.0,4,2,8,2,0,4,1
44.0,4,1,0,0,82170.0,1908.0,4621.0,13.0,1023.0,81.0,556.0,49.0,55.0,37.0,5,6,7,1,0,2,2
53.0,2,1,0,0,75759.0,2486.0,4652.0,46.0,1225.0,22.0,556.0,89.0,81.0,126.5,9,7,9,1,3,5,2
46.0,1,0,0,0,79689.0,1315.0,4818.0,65.0,311.0,26.0,556.0,120.5,37.0,121.0,4,9,13,1,0,2,2
66.0,4,0,1,2,35340.0,45.0,4405.0,1.0,27.0,0.0,12.0,0.0,1.0,5.0,2,0,3,2,0,5,0
68.0,2,0,0,0,85683.0,1789.0,4505.0,6.0,1225.0,17.0,311.0,45.0,69.0,51.0,2,4,10,1,4,1,2
50.0,1,1,1,1,24884.0,19.0,4982.0,32.0,3.0,6.0,7.0,0.0,0.0,3.0,0,0,3,1,0,7,0
41.0,3,1,1,1,42021.0,573.0,5072.0,34.0,393.0,5.0,136.0,7.0,5.0,27.0,10,1,6,5,1,9,1
33.0,2,0,1,1,64449.0,805.0,4536.0,70.0,218.0,63.0,282.0,120.5,35.0,70.0,5,3,12,4,0,4,2
68.0,2,0,1,2,64587.0,108.0,4412.0,49.0,66.0,0.0,16.0,0.0,6.0,20.0,1,1,4,2,0,3,0
27.0,2,0,0,0,34824.0,23.0,4500.0,65.0,4.0,2.0,11.0,2.0,0.0,4.0,1,0,2,1,0,6,0
44.0,2,1,0,0,75437.0,1493.0,4637.0,25.0,795.0,0.0,545.0,95.0,58.0,0.0,8,4,10,1,1,6,2
65.0,2,1,1,2,26091.0,89.0,4529.0,84.0,15.0,10.0,19.0,8.0,17.0,20.0,2,1,3,3,0,5,0
49.0,2,1,1,1,52845.0,936.0,4725.0,7.0,384.0,25.0,292.0,120.5,41.0,64.0,8,8,6,3,1,6,1
66.0,2,0,1,1,46086.0,343.0,4643.0,34.0,244.0,8.0,32.0,7.0,2.0,50.0,3,1,8,4,0,4,1
66.0,4,0,1,1,78028.0,528.0,5062.0,38.0,158.0,19.0,288.0,25.0,0.0,38.0,6,4,9,1,2,7,1
35.0,4,0,0,0,95169.0,1901.0,4668.0,1.0,1225.0,21.0,449.0,106.0,20.0,20.0,4,3,4,1,2,1,2
41.0,1,1,1,2,56337.0,724.0,4864.0,25.0,349.0,16.0,144.0,28.0,5.0,126.5,8,5,4,5,2,8,1
35.0,2,1,1,1,22434.0,58.0,4906.0,25.0,4.0,12.0,11.0,3.0,13.0,15.0,2,0,3,2,0,8,0
68.0,4,1,1,1,36930.0,297.0,4813.0,50.0,223.0,2.0,31.0,0.0,2.0,39.0,5,2,4,5,0,8,1
68.0,2,0,1,1,36130.0,488.0,4917.0,46.0,157.0,43.0,127.0,68.0,56.0,37.0,3,8,4,6,1,4,1
69.0,3,1,1,1,65569.0,859.0,5006.0,96.0,397.0,46.0,288.0,20.0,38.0,70.0,6,5,10,2,0,3,1
70.0,2,1,0,0,83844.0,1574.0,4818.0,57.0,901.0,31.0,345.0,75.0,31.0,126.5,4,4,11,1,1,1,2
54.0,2,1,1,2,19514.0,69.0,4559.0,47.0,14.0,3.0,21.0,2.0,1.0,28.0,3,1,2,4,1,8,0
59.0,4,0,1,2,36736.0,17.0,4820.0,52.0,10.0,0.0,3.0,0.0,0.0,4.0,1,0,2,1,0,6,0
43.0,2,1,1,1,77568.0,2194.0,5078.0,30.0,1225.0,0.0,396.0,120.5,81.0,126.5,10,2,8,1,3,5,2
46.0,4,1,1,1,49187.0,116.0,4574.0,63.0,81.0,1.0,31.0,2.0,1.0,0.0,1,1,5,1,0,2,0
44.0,2,0,1,1,30168.0,279.0,4884.0,51.0,154.0,20.0,66.0,0.0,12.0,27.0,6,1,4,7,0,9,1
54.0,3,1,1,1,34053.0,103.0,5062.0,14.0,63.0,0.0,21.0,7.0,0.0,12.0,3,0,3,1,0,8,0
51.0,3,1,1,2,38196.0,44.0,4477.0,20.0,30.0,0.0,11.0,0.0,0.0,3.0,2,0,4,3,0,5,0
71.0,3,1,0,0,59412.0,406.0,4476.0,56.0,90.0,67.0,165.0,30.0,43.0,11.0,4,2,8,1,0,3,2
57.0,1,1,0,0,70924.0,1363.0,4488.0,41.0,635.0,81.0,254.0,120.5,81.0,76.0,6,6,7,1,1,3,2
53.0,2,1,0,0,54165.0,236.0,4802.0,72.0,127.0,4.0,73.0,15.0,6.0,11.0,2,1,7,1,0,2,2
49.0,2,1,1,1,32300.0,39.0,4947.0,1.0,13.0,3.0,6.0,6.0,5.0,6.0,1,0,3,1,0,8,0
46.0,2,0,0,0,20180.0,137.0,4899.0,27.0,18.0,42.0,24.0,15.0,20.0,18.0,2,1,4,1,0,7,0
49.0,2,1,1,1,34961.0,79.0,4415.0,77.0,45.0,2.0,26.0,4.0,1.0,1.0,3,1,3,3,0,7,0
48.0,4,1,1,1,28440.0,63.0,4762.0,87.0,38.0,1.0,24.0,0.0,0.0,0.0,2,0,3,1,0,8,0
69.0,4,1,1,3,64504.0,1314.0,4887.0,81.0,986.0,36.0,168.0,16.0,0.0,108.0,11,3,4,7,0,7,1
56.0,3,1,1,1,33564.0,71.0,4410.0,51.0,61.0,0.0,3.0,0.0,0.0,7.0,1,1,3,1,0,5,0
44.0,2,1,1,1,17345.0,58.0,5008.0,79.0,4.0,9.0,16.0,17.0,0.0,12.0,2,1,2,2,0,8,0
55.0,4,1,1,1,56320.0,702.0,4852.0,11.0,201.0,53.0,172.0,116.0,77.0,83.0,5,4,9,3,0,4,1
44.0,2,0,1,1,28647.0,94.0,4717.0,54.0,19.0,8.0,29.0,0.0,12.0,26.0,2,2,2,1,1,7,0
35.0,0,0,1,1,15038.0,80.0,4921.0,93.0,4.0,8.0,11.0,19.0,12.0,26.0,2,1,2,2,0,9,0
64.0,4,0,1,1,32173.0,22.0,4737.0,0.0,18.0,0.0,2.0,0.0,0.0,2.0,1,0,3,1,0,4,0
58.0,1,1,1,1,68316.0,1211.0,5007.0,54.0,806.0,80.0,161.0,120.0,11.0,33.0,10,7,10,5,0,6,1
51.0,2,1,0,0,74538.0,1461.0,4770.0,21.0,380.0,81.0,556.0,110.0,81.0,28.0,8,8,5,1,1,3,2
51.0,2,0,0,0,91700.0,1968.0,4933.0,58.0,576.0,81.0,556.0,120.5,81.0,19.0,8,6,5,1,0,3,2
53.0,2,1,0,0,68695.0,1091.0,4409.0,3.0,458.0,81.0,356.0,106.0,50.0,40.0,4,4,7,1,0,2,2
45.0,1,1,1,1,31056.0,55.0,4928.0,99.0,5.0,10.0,13.0,3.0,8.0,16.0,1,0,3,1,0,8,0
49.0,2,1,0,0,79593.0,1366.0,4453.0,70.0,350.0,60.0,556.0,110.0,81.0,126.5,5,6,7,1,1,2,2
42.0,2,0,0,0,28071.0,313.0,5074.0,65.0,39.0,33.0,130.0,41.0,26.0,44.0,5,1,5,2,0,8,1
64.0,4,1,1,2,37334.0,62.0,4528.0,44.0,26.0,1.0,16.0,2.0,2.0,15.0,3,0,4,4,0,4,0
50.0,3,0,1,2,46423.0,92.0,4689.0,6.0,68.0,0.0,16.0,0.0,0.0,8.0,2,0,4,3,0,7,0
51.0,4,1,1,1,37126.0,72.0,4496.0,9.0,45.0,3.0,9.0,4.0,4.0,7.0,1,2,2,1,1,6,0
69.0,2,1,1,1,47703.0,655.0,4801.0,95.0,359.0,0.0,134.0,13.0,26.0,123.0,6,3,8,4,0,5,1
63.0,2,1,1,1,61180.0,704.0,4472.0,70.0,403.0,24.0,29.0,6.0,24.0,126.5,5,5,6,2,1,3,1
68.0,2,1,1,2,38998.0,54.0,5008.0,92.0,34.0,1.0,14.0,0.0,0.0,5.0,2,0,3,3,0,8,0
31.0,2,0,0,0,8028.0,178.0,5054.0,62.0,73.0,18.0,66.0,7.0,12.0,2.0,0,1,0,15,0,19,0
60.0,2,1,0,0,76081.0,1033.0,4442.0,85.0,292.0,30.0,415.0,63.0,33.0,126.5,4,5,4,1,1,2,2
36.0,2,1,1,1,34728.0,36.0,4739.0,2.0,14.0,0.0,16.0,0.0,0.0,6.0,1,1,2,1,0,6,0
57.0,3,0,1,1,33168.0,122.0,5029.0,0.0,80.0,1.0,37.0,0.0,1.0,3.0,2,1,4,3,0,7,0
56.0,3,1,1,1,33585.0,122.0,4682.0,91.0,30.0,11.0,33.0,13.0,6.0,29.0,2,0,4,1,0,4,0
62.0,4,1,1,1,77037.0,1123.0,4664.0,3.0,463.0,81.0,333.0,120.5,53.0,10.0,7,7,12,1,0,3,2
38.0,2,1,1,1,35196.0,497.0,4998.0,68.0,75.0,12.0,141.0,43.0,39.0,126.5,6,1,5,6,0,8,1
56.0,2,1,1,1,44529.0,691.0,4764.0,98.0,538.0,13.0,91.0,17.0,6.0,26.0,6,2,11,6,1,5,1
57.0,1,1,0,0,70924.0,1363.0,4488.0,41.0,635.0,81.0,254.0,120.5,81.0,76.0,6,6,7,1,1,3,2
56.0,4,1,1,2,28764.0,12.0,4429.0,16.0,8.0,0.0,3.0,0.0,0.0,1.0,1,0,2,1,1,8,0
73.0,4,1,0,0,69098.0,2440.0,4903.0,82.0,1225.0,22.0,556.0,120.5,0.0,126.5,7,8,9,1,0,5,2
52.0,1,0,1,2,25959.0,56.0,4905.0,1.0,4.0,2.0,12.0,7.0,5.0,26.0,1,2,2,2,0,6,0
39.0,3,1,1,1,27100.0,37.0,4855.0,64.0,12.0,0.0,13.0,2.0,0.0,10.0,1,0,3,1,0,7,0
37.0,2,0,0,0,70596.0,968.0,5037.0,68.0,347.0,44.0,534.0,17.0,0.0,26.0,3,5,12,1,0,2,2
48.0,2,1,1,1,42557.0,270.0,5074.0,98.0,192.0,5.0,53.0,0.0,5.0,15.0,6,1,4,4,0,8,1
71.0,4,1,0,0,53312.0,278.0,4729.0,32.0,241.0,0.0,12.0,0.0,0.0,25.0,5,1,5,1,0,7,0
70.0,2,0,0,0,72228.0,1250.0,4984.0,87.0,631.0,28.0,491.0,30.0,14.0,56.0,6,7,8,1,0,3,2
35.0,2,1,0,0,67605.0,938.0,4860.0,84.0,336.0,28.0,282.0,120.5,54.0,54.0,2,8,6,1,0,1,2
73.0,3,1,1,2,62845.0,1178.0,5041.0,3.0,1099.0,0.0,45.0,0.0,0.0,34.0,3,4,10,11,1,8,1
64.0,2,1,1,2,65196.0,1155.0,4744.0,34.0,743.0,19.0,181.0,12.0,0.0,126.5,7,6,11,2,1,5,1
35.0,4,0,0,0,42000.0,653.0,4940.0,23.0,124.0,81.0,267.0,85.0,59.0,35.0,5,2,11,2,0,5,2
49.0,4,0,1,2,35860.0,49.0,4446.0,37.0,15.0,0.0,8.0,4.0,2.0,20.0,1,1,2,2,1,5,0
58.0,4,1,1,1,65526.0,506.0,4484.0,22.0,397.0,19.0,69.0,12.0,0.0,9.0,4,4,8,1,0,2,1
61.0,2,1,1,2,16860.0,38.0,5060.0,19.0,10.0,4.0,4.0,3.0,3.0,14.0,1,1,3,3,0,7,0
30.0,2,0,0,0,83528.0,1650.0,4464.0,7.0,530.0,81.0,556.0,120.5,44.0,126.5,4,10,8,1,2,1,2
57.0,1,0,1,1,64176.0,1826.0,5100.0,52.0,1215.0,33.0,249.0,64.0,81.0,126.5,8,9,8,8,0,6,1
66.0,2,0,0,0,22304.0,18.0,5099.0,91.0,3.0,2.0,7.0,0.0,4.0,2.0,1,0,2,1,0,8,0
44.0,2,1,0,0,67023.0,906.0,4522.0,93.0,444.0,44.0,382.0,11.0,8.0,17.0,3,7,13,1,0,2,2
51.0,4,1,1,1,32892.0,46.0,4440.0,78.0,26.0,0.0,15.0,2.0,1.0,2.0,3,0,3,2,0,8,0
56.0,2,1,1,1,70713.0,1477.0,4978.0,23.0,736.0,81.0,279.0,82.0,76.0,126.5,5,6,8,6,0,3,1
67.0,2,1,1,1,59925.0,766.0,4981.0,83.0,473.0,21.0,176.0,19.0,21.0,56.0,9,2,9,3,0,6,1
69.0,2,1,1,1,39722.0,47.0,4530.0,92.0,32.0,0.0,5.0,2.0,0.0,8.0,2,0,3,2,0,5,0
64.0,2,1,0,0,46610.0,467.0,4751.0,4.0,288.0,10.0,30.0,4.0,10.0,125.0,6,1,6,1,0,6,1
61.0,2,1,0,0,88347.0,2116.0,4766.0,32.0,1050.0,81.0,555.0,77.0,81.0,118.0,4,7,9,1,1,1,2
41.0,4,1,0,0,87171.0,1298.0,4829.0,27.0,1001.0,44.0,107.0,58.0,44.0,44.0,6,7,11,1,2,2,2
46.0,1,1,1,2,26907.0,22.0,4718.0,10.0,9.0,1.0,7.0,0.0,3.0,2.0,1,0,3,2,0,7,0
54.0,3,0,1,1,50014.0,396.0,4563.0,9.0,234.0,14.0,77.0,19.0,10.0,42.0,4,1,8,2,0,5,1
44.0,4,1,1,1,41014.0,20.0,4838.0,65.0,7.0,2.0,6.0,2.0,0.0,3.0,1,0,2,1,0,7,0
57.0,2,0,0,0,66294.0,967.0,4509.0,68.0,251.0,81.0,334.0,65.0,81.0,117.0,4,3,5,1,0,2,2
51.0,2,1,1,1,36715.0,357.0,4994.0,16.0,172.0,10.0,125.0,21.0,13.0,16.0,7,2,4,6,0,9,1
66.0,2,1,0,0,79456.0,1401.0,5081.0,12.0,565.0,42.0,548.0,64.0,81.0,99.0,5,6,4,1,0,3,2
40.0,2,1,1,1,40479.0,15.0,4721.0,95.0,5.0,0.0,8.0,2.0,0.0,0.0,0,0,3,1,0,4,0
52.0,3,0,0,0,75345.0,2087.0,4917.0,16.0,918.0,57.0,556.0,99.0,38.0,126.5,5,8,6,1,1,3,2
45.0,2,1,1,1,54233.0,981.0,4915.0,46.0,652.0,8.0,158.0,21.0,0.0,126.5,11,6,5,4,0,8,1
52.0,2,0,1,2,24163.0,17.0,4665.0,3.0,4.0,1.0,7.0,2.0,1.0,2.0,1,0,3,2,0,4,0
64.0,4,1,0,0,84460.0,523.0,4946.0,80.0,152.0,27.0,103.0,106.0,54.0,81.0,9,9,4,0,4,5,2
39.0,2,1,1,1,43776.0,23.0,4462.0,77.0,8.0,0.0,9.0,2.0,1.0,3.0,1,0,2,1,0,6,0
64.0,4,0,0,0,71691.0,1192.0,4509.0,0.0,336.0,81.0,411.0,120.5,32.0,43.0,4,7,5,1,0,2,2
49.0,4,1,0,0,85844.0,1958.0,4436.0,62.0,938.0,19.0,556.0,25.0,81.0,38.0,6,6,7,1,1,2,2
48.0,4,0,1,1,39190.0,133.0,4469.0,91.0,68.0,8.0,18.0,19.0,8.0,12.0,2,1,4,2,0,5,0
63.0,2,1,0,0,71367.0,777.0,4715.0,24.0,227.0,23.0,389.0,42.0,21.0,75.0,4,5,7,1,0,2,2
50.0,4,0,1,2,38578.0,73.0,4777.0,2.0,38.0,4.0,22.0,3.0,3.0,3.0,3,0,3,3,0,8,0
57.0,4,1,1,2,57236.0,121.0,4514.0,22.0,105.0,0.0,9.0,2.0,1.0,4.0,2,1,4,3,0,3,0
43.0,2,0,1,1,61825.0,424.0,4731.0,56.0,162.0,50.0,100.0,55.0,30.0,27.0,4,2,8,1,0,4,1
64.0,2,0,1,1,79803.0,868.0,4432.0,54.0,574.0,8.0,216.0,21.0,16.0,33.0,4,3,5,1,0,1,2
36.0,1,0,0,0,80910.0,756.0,5011.0,71.0,160.0,80.0,369.0,67.0,39.0,41.0,3,3,8,1,0,1,2
40.0,3,1,1,1,27590.0,12.0,4837.0,38.0,6.0,0.0,5.0,0.0,0.0,1.0,1,0,2,1,0,7,0
43.0,2,1,1,1,56775.0,937.0,4948.0,62.0,614.0,35.0,160.0,58.0,35.0,35.0,5,8,10,2,0,5,1
47.0,2,0,0,0,83829.0,1862.0,4669.0,78.0,897.0,81.0,430.0,120.5,81.0,27.0,4,7,6,0,3,1,2
43.0,1,1,1,1,54210.0,367.0,4810.0,18.0,70.0,54.0,109.0,80.0,9.0,45.0,4,1,7,2,0,5,1
36.0,2,1,1,1,38508.0,443.0,4736.0,95.0,120.0,19.0,206.0,25.0,19.0,54.0,7,2,5,6,0,8,1
52.0,2,1,1,1,53187.0,267.0,4651.0,66.0,211.0,2.0,30.0,7.0,7.0,10.0,4,1,6,2,0,5,0
50.0,2,1,1,1,30023.0,61.0,4502.0,28.0,11.0,0.0,16.0,7.0,6.0,21.0,2,0,3,1,0,8,0
62.0,4,0,0,0,76045.0,1323.0,4631.0,78.0,760.0,53.0,400.0,17.0,81.0,0.0,4,5,11,1,1,2,2
70.0,4,1,1,1,50870.0,63.0,4415.0,13.0,53.0,0.0,8.0,0.0,0.0,2.0,2,0,3,1,0,5,0
52.0,1,1,0,0,15315.0,64.0,4735.0,27.0,7.0,4.0,13.0,15.0,8.0,17.0,2,0,4,2,0,5,0
48.0,1,1,1,1,65463.0,562.0,4555.0,17.0,391.0,32.0,70.0,21.0,32.0,16.0,6,2,9,2,1,5,1
57.0,2,1,1,2,66480.0,312.0,4434.0,71.0,199.0,9.0,57.0,20.0,21.0,6.0,4,1,7,7,0,4,1
68.0,2,0,0,0,76773.0,1156.0,4894.0,79.0,516.0,56.0,449.0,86.0,33.0,16.0,2,2,11,1,0,1,2
39.0,1,0,0,0,81698.0,1104.0,4890.0,1.0,709.0,45.0,115.0,30.0,81.0,45.0,8,2,5,1,1,5,2
49.0,4,0,1,2,54466.0,16.0,4545.0,78.0,12.0,0.0,4.0,0.0,0.0,0.0,1,0,2,1,0,5,0
62.0,3,0,0,0,98777.0,2008.0,4537.0,23.0,1000.0,19.0,556.0,120.5,81.0,38.0,4,6,9,0,1,1,2
38.0,4,0,1,1,16269.0,44.0,4708.0,75.0,19.0,3.0,18.0,3.0,1.0,0.0,3,0,3,3,0,8,0
51.0,2,1,1,1,71819.0,1574.0,4710.0,70.0,1224.0,28.0,140.0,0.0,14.0,126.5,3,3,5,3,2,6,1
39.0,4,1,1,1,33569.0,63.0,4661.0,10.0,16.0,2.0,18.0,3.0,0.0,24.0,1,1,2,1,1,8,0
39.0,3,1,0,0,36262.0,426.0,4687.0,24.0,88.0,39.0,54.0,64.0,28.0,126.5,3,5,3,1,1,6,2
56.0,0,1,0,0,22634.0,96.0,4934.0,47.0,2.0,23.0,11.0,8.0,6.0,46.0,2,1,2,1,0,8,0
44.0,1,1,1,1,47025.0,635.0,4695.0,98.0,508.0,11.0,59.0,23.0,5.0,29.0,11,1,6,5,0,9,1
54.0,2,0,1,1,70566.0,757.0,4671.0,4.0,381.0,28.0,215.0,84.0,28.0,21.0,6,5,9,2,0,3,2
43.0,4,1,1,1,31605.0,125.0,4989.0,15.0,74.0,0.0,42.0,2.0,1.0,6.0,2,1,4,2,0,7,0
49.0,3,0,1,2,52034.0,332.0,4813.0,67.0,146.0,0.0,93.0,7.0,13.0,73.0,4,2,5,5,0,7,1
43.0,2,0,1,1,48526.0,135.0,4592.0,32.0,23.0,17.0,23.0,43.0,20.0,9.0,2,1,4,1,0,3,0
68.0,2,1,1,1,46734.0,330.0,4993.0,40.0,110.0,5.0,137.0,26.0,23.0,29.0,6,1,5,2,0,7,1
60.0,2,0,1,2,39552.0,384.0,4963.0,54.0,165.0,3.0,147.0,4.0,24.0,41.0,6,2,5,7,0,8,1
56.0,2,0,1,2,86358.0,1722.0,5095.0,78.0,957.0,47.0,494.0,82.0,47.0,95.0,5,3,6,4,0,8,1
45.0,2,1,1,3,46931.0,78.0,4471.0,94.0,41.0,0.0,17.0,3.0,1.0,16.0,1,1,3,2,0,3,0
37.0,0,0,0,0,16581.0,24.0,4938.0,51.0,1.0,3.0,4.0,2.0,3.0,11.0,0,0,3,1,0,4,0
70.0,1,0,0,0,63998.0,1168.0,4596.0,42.0,176.0,29.0,556.0,0.0,33.0,112.0,7,6,11,1,0,4,2
71.0,3,1,1,1,67381.0,957.0,4935.0,67.0,815.0,8.0,53.0,11.0,0.0,70.0,2,2,9,4,1,7,1
55.0,2,0,1,2,25930.0,15.0,4667.0,87.0,6.0,1.0,2.0,2.0,0.0,4.0,1,0,2,1,0,7,0
44.0,2,1,1,1,42693.0,57.0,4427.0,29.0,8.0,4.0,20.0,6.0,3.0,16.0,1,0,3,1,0,5,0
46.0,2,1,1,1,85606.0,1956.0,4999.0,89.0,717.0,42.0,556.0,120.5,30.0,84.0,6,7,9,2,1,3,2
37.0,2,0,0,0,72903.0,2013.0,4648.0,74.0,1067.0,81.0,556.0,0.0,19.0,39.0,7,5,8,1,3,4,2
48.0,1,1,1,1,49669.0,326.0,4441.0,97.0,166.0,5.0,107.0,11.0,8.0,29.0,5,1,6,2,0,6,1
54.0,4,1,1,2,36778.0,77.0,5098.0,63.0,29.0,4.0,34.0,2.0,4.0,4.0,3,0,3,3,0,9,0
60.0,4,0,0,0,85696.0,1313.0,4827.0,88.0,714.0,76.0,395.0,116.0,0.0,12.0,4,6,9,1,0,1,2
33.0,3,0,0,0,10979.0,30.0,4443.0,34.0,8.0,4.0,10.0,2.0,2.0,4.0,3,0,3,2,0,5,0
61.0,2,1,1,1,49678.0,315.0,4917.0,81.0,229.0,5.0,56.0,3.0,2.0,20.0,6,2,4,2,0,7,1
69.0,3,1,1,1,56129.0,660.0,4779.0,65.0,320.0,48.0,133.0,39.0,72.0,48.0,6,2,10,4,0,4,1
33.0,2,1,1,1,37155.0,74.0,4919.0,51.0,23.0,0.0,26.0,7.0,15.0,3.0,2,0,4,1,0,5,0
44.0,1,0,1,1,21282.0,46.0,4454.0,76.0,1.0,5.0,8.0,4.0,8.0,20.0,2,1,2,2,0,6,0
60.0,4,0,1,1,33419.0,86.0,4721.0,76.0,56.0,0.0,12.0,0.0,0.0,18.0,2,0,4,2,0,7,0
77.0,2,0,0,0,63285.0,1103.0,4641.0,84.0,508.0,81.0,249.0,50.0,38.0,126.5,6,5,13,1,0,3,2
48.0,3,1,1,1,21255.0,61.0,4564.0,56.0,29.0,0.0,25.0,2.0,2.0,3.0,2,1,4,4,0,4,0
41.0,2,1,1,1,42162.0,145.0,4627.0,31.0,46.0,7.0,59.0,2.0,4.0,27.0,3,1,3,2,1,6,0
66.0,2,1,1,2,54450.0,684.0,5058.0,0.0,454.0,0.0,171.0,8.0,19.0,32.0,9,2,8,12,0,8,1
68.0,4,1,1,1,57744.0,411.0,4634.0,91.0,350.0,3.0,39.0,0.0,0.0,19.0,9,1,4,2,0,8,1
36.0,2,0,1,1,26576.0,27.0,5029.0,40.0,10.0,0.0,8.0,0.0,0.0,9.0,1,0,2,1,1,9,0
79.0,4,0,0,0,57513.0,1060.0,4763.0,59.0,735.0,40.0,183.0,52.0,20.0,30.0,9,3,13,2,0,6,2
58.0,2,1,1,1,68142.0,1459.0,5074.0,96.0,897.0,81.0,196.0,91.0,81.0,37.0,10,4,7,3,0,6,1
43.0,2,1,1,1,7500.0,18.0,5074.0,61.0,5.0,2.0,3.0,3.0,0.0,5.0,1,0,2,1,0,8,0
48.0,2,1,0,0,83145.0,1833.0,5050.0,14.0,777.0,35.0,556.0,39.0,81.0,114.0,5,9,11,1,1,2,2
62.0,3,1,1,1,54197.0,237.0,4492.0,16.0,162.0,6.0,37.0,6.0,13.0,13.0,1,3,6,2,0,1,0
59.0,4,0,1,2,23091.0,48.0,4437.0,98.0,35.0,0.0,11.0,0.0,0.0,2.0,2,1,3,4,0,7,0
46.0,2,1,1,2,46049.0,515.0,4748.0,11.0,342.0,9.0,112.0,19.0,14.0,19.0,5,2,9,10,0,7,1
48.0,2,1,0,0,56715.0,1020.0,4976.0,52.0,258.0,81.0,239.0,120.5,81.0,9.0,7,3,4,1,0,4,2
61.0,2,1,0,0,79410.0,1370.0,4436.0,19.0,658.0,80.0,483.0,120.5,13.0,13.0,3,2,5,1,0,1,2
71.0,2,1,1,1,57304.0,1026.0,4880.0,61.0,356.0,80.0,329.0,120.5,17.0,106.0,7,6,10,2,0,5,1
57.0,2,1,1,1,44375.0,301.0,4503.0,73.0,213.0,5.0,28.0,7.0,7.0,41.0,4,1,6,1,0,5,0
66.0,2,1,1,2,54450.0,684.0,5058.0,0.0,454.0,0.0,171.0,8.0,19.0,32.0,9,2,8,12,0,8,1
57.0,2,1,1,1,59594.0,499.0,5022.0,74.0,457.0,4.0,29.0,0.0,0.0,9.0,8,1,7,1,1,7,1
28.0,2,1,0,0,80685.0,1004.0,5081.0,55.0,241.0,45.0,556.0,34.0,26.0,54.0,6,4,10,1,0,2,2
48.0,4,1,1,1,40344.0,218.0,4664.0,48.0,210.0,0.0,6.0,0.0,0.0,2.0,4,1,5,2,0,7,0
50.0,2,1,1,1,62710.0,606.0,4807.0,53.0,441.0,35.0,83.0,7.0,29.0,11.0,4,2,12,4,0,4,1
54.0,1,1,1,1,48985.0,75.0,4764.0,13.0,19.0,13.0,18.0,10.0,7.0,8.0,1,1,3,1,0,3,0
54.0,2,1,1,3,35322.0,106.0,5081.0,34.0,28.0,9.0,37.0,12.0,7.0,13.0,2,0,4,3,0,8,0
74.0,2,1,0,0,77142.0,990.0,4801.0,54.0,476.0,75.0,162.0,29.0,81.0,97.0,4,4,8,1,0,2,2
53.0,2,0,0,0,81657.0,1097.0,4563.0,69.0,364.0,40.0,425.0,120.5,60.0,50.0,3,4,8,1,0,1,2
26.0,0,1,0,0,14421.0,16.0,4537.0,81.0,0.0,0.0,2.0,3.0,3.0,8.0,1,0,2,1,1,5,0
48.0,1,1,0,0,20130.0,34.0,4509.0,99.0,0.0,6.0,3.0,7.0,6.0,12.0,1,0,3,1,0,8,0
32.0,4,1,0,0,74214.0,1711.0,5077.0,3.0,863.0,81.0,547.0,86.0,81.0,33.0,8,2,5,1,0,5,2
65.0,3,1,1,2,66726.0,438.0,4573.0,61.0,349.0,7.0,35.0,0.0,0.0,47.0,8,2,4,3,1,7,1
43.0,0,1,1,1,23724.0,75.0,4942.0,65.0,5.0,23.0,15.0,0.0,18.0,14.0,2,0,3,2,0,8,0
62.0,3,1,1,1,47353.0,225.0,4633.0,93.0,184.0,2.0,19.0,8.0,8.0,4.0,2,2,6,3,0,5,0
70.0,3,1,1,2,33444.0,18.0,5008.0,24.0,8.0,0.0,8.0,0.0,0.0,2.0,1,0,2,1,0,8,0
41.0,2,1,1,1,54386.0,470.0,4813.0,8.0,277.0,21.0,64.0,62.0,21.0,25.0,3,2,10,2,0,3,1
41.0,2,0,1,2,28510.0,91.0,4847.0,72.0,44.0,5.0,19.0,0.0,4.0,19.0,2,0,4,3,0,5,0
31.0,3,0,0,0,90638.0,2510.625,4541.0,29.0,1156.0,81.0,556.0,94.0,81.0,96.0,3,4,10,1,1,1,2
72.0,2,1,1,1,48070.0,504.0,4937.0,33.0,373.0,14.0,83.0,6.0,9.0,19.0,8,2,6,3,0,7,1
65.0,2,1,1,1,43140.0,235.0,4945.0,68.0,134.0,8.0,76.0,6.0,0.0,11.0,4,1,5,1,0,6,0
61.0,4,0,1,1,54959.0,1232.0,4931.0,55.0,1148.0,0.0,60.0,0.0,0.0,24.0,9,5,4,3,1,7,1
64.0,0,0,1,2,15056.0,88.0,4827.0,76.0,6.0,12.0,3.0,21.0,6.0,40.0,2,2,3,5,0,5,0
51.0,2,0,1,1,26954.0,17.0,4457.0,17.0,4.0,1.0,11.0,0.0,0.0,1.0,1,0,2,1,0,7,0
37.0,2,0,1,1,22327.0,24.0,4736.0,94.0,5.0,4.0,8.0,2.0,0.0,5.0,1,0,3,1,0,5,0
57.0,2,1,1,2,44393.0,60.0,4716.0,86.0,24.0,2.0,20.0,2.0,2.0,10.0,1,0,4,2,0,4,0
70.0,4,0,1,1,62000.0,1020.0,4713.0,25.0,899.0,0.0,101.0,0.0,0.0,20.0,6,6,13,1,1,4,1
60.0,4,1,1,1,31497.0,155.0,4975.0,22.0,108.0,1.0,28.0,13.0,1.0,4.0,3,1,4,2,0,8,0
48.0,1,1,1,2,45894.0,51.0,4527.0,15.0,27.0,2.0,7.0,0.0,2.0,13.0,1,0,3,1,0,5,0
52.0,3,0,0,0,78579.0,1812.0,4959.0,35.0,816.0,66.0,549.0,120.5,66.0,99.0,5,6,4,1,0,3,2
53.0,3,0,1,1,67369.0,1461.0,4994.0,81.0,1225.0,0.0,70.0,37.0,14.0,42.0,7,4,10,4,2,4,1
62.0,2,0,1,1,58401.0,96.0,4475.0,55.0,10.0,0.0,11.0,17.0,29.0,29.0,1,2,2,1,0,4,0
70.0,2,0,1,1,62307.0,160.0,4537.0,94.0,87.0,13.0,34.0,10.0,6.0,10.0,4,0,4,1,0,5,0
53.0,3,1,1,2,43641.0,139.0,4838.0,50.0,57.0,2.0,51.0,4.0,2.0,23.0,2,1,4,3,0,6,0
54.0,3,0,1,1,63841.0,908.0,4839.0,64.0,635.0,15.0,100.0,20.0,7.0,126.5,9,3,9,1,0,6,1
57.0,1,1,1,1,46891.0,183.0,4706.0,91.0,43.0,12.0,23.0,29.0,15.0,61.0,2,1,4,1,0,4,0
53.0,3,1,1,1,70091.0,1161.0,4860.0,11.0,964.0,34.0,137.0,15.0,0.0,11.0,5,2,10,2,1,8,1
50.0,4,1,0,0,78075.0,988.0,4490.0,72.0,572.0,8.0,259.0,34.0,35.0,80.0,3,5,5,1,0,1,2
61.0,1,0,1,1,59184.0,1072.0,5063.0,6.0,341.0,81.0,113.0,120.5,81.0,66.0,6,6,12,3,0,5,1
45.0,2,1,1,2,54809.0,174.0,4696.0,0.0,63.0,6.0,57.0,13.0,13.0,22.0,2,1,5,4,0,4,0
63.0,2,1,1,1,58113.0,758.0,4925.0,66.0,221.0,81.0,169.0,102.0,78.0,84.0,9,2,8,3,0,7,1
64.0,3,1,1,1,51412.0,195.0,4585.0,42.0,140.0,3.0,29.0,4.0,5.0,14.0,3,2,4,2,0,4,0
43.0,2,0,1,1,15287.0,31.0,5032.0,60.0,1.0,2.0,8.0,4.0,3.0,13.0,1,1,2,2,1,7,0
65.0,3,1,0,0,66636.0,1084.0,4721.0,64.0,291.0,10.0,556.0,84.0,10.0,0.0,3,4,9,1,0,1,2
66.0,3,1,1,1,50965.0,685.0,4899.0,87.0,544.0,13.0,85.0,8.0,6.0,29.0,10,4,5,3,1,8,1
57.0,4,1,0,0,84618.0,1672.0,4624.0,96.0,684.0,81.0,556.0,21.0,66.0,0.0,6,9,10,1,1,2,2
32.0,2,1,0,0,18351.0,43.0,4648.0,1.0,1.0,12.0,9.0,0.0,14.0,7.0,2,0,3,1,0,7,0
65.0,4,1,1,2,40451.0,49.0,4538.0,54.0,35.0,0.0,4.0,0.0,0.0,10.0,1,1,2,1,1,5,0
57.0,2,1,1,1,36317.0,133.0,4808.0,53.0,87.0,3.0,25.0,3.0,2.0,13.0,3,0,4,2,0,7,0
65.0,2,1,1,1,42213.0,363.0,4665.0,96.0,309.0,3.0,24.0,4.0,3.0,20.0,5,1,7,2,1,7,1
67.0,2,1,1,1,65748.0,545.0,4845.0,58.0,172.0,73.0,93.0,95.0,78.0,34.0,2,4,10,2,0,1,2
50.0,2,1,1,1,77044.0,1065.0,4650.0,12.0,625.0,38.0,242.0,50.0,34.0,76.0,7,11,11,2,1,4,2
53.0,2,1,0,0,74918.0,2047.0,4879.0,78.0,972.0,59.0,556.0,25.0,19.0,59.0,5,9,6,1,1,3,2
50.0,2,1,1,2,56721.0,296.0,5011.0,64.0,157.0,6.0,39.0,6.0,13.0,75.0,4,1,5,5,0,6,1
47.0,2,0,1,2,42160.0,140.0,4771.0,26.0,48.0,9.0,45.0,3.0,15.0,20.0,2,1,4,4,0,6,0
57.0,2,0,1,1,61559.0,530.0,4752.0,8.0,279.0,81.0,88.0,32.0,14.0,34.0,4,2,10,1,0,3,1
59.0,4,1,1,2,33629.0,152.0,5095.0,49.0,132.0,0.0,16.0,0.0,0.0,4.0,3,1,4,5,0,9,0
31.0,4,1,0,0,68682.0,1598.0,4671.0,56.0,919.0,0.0,505.0,99.0,30.0,45.0,4,9,10,1,0,2,2
59.0,2,0,1,1,34377.0,114.0,4931.0,55.0,62.0,0.0,22.0,3.0,1.0,26.0,2,2,2,2,0,7,0
36.0,0,0,1,1,8940.0,101.0,5081.0,25.0,1.0,45.0,3.0,4.0,6.0,42.0,3,1,3,3,0,8,0
49.0,2,1,1,1,26228.0,25.0,4685.0,50.0,2.0,6.0,4.0,3.0,1.0,9.0,1,0,2,1,0,8,0
65.0,1,0,0,0,77297.0,789.0,4924.0,84.0,408.0,61.0,109.0,48.0,81.0,41.0,5,7,9,1,1,4,2
41.0,2,1,1,2,40211.0,87.0,4739.0,30.0,51.0,1.0,7.0,2.0,1.0,25.0,2,1,2,2,1,8,0
64.0,4,0,1,2,33438.0,90.0,4685.0,81.0,62.0,1.0,16.0,3.0,2.0,6.0,2,1,4,4,0,5,0
63.0,4,1,1,1,75032.0,1215.0,4832.0,74.0,952.0,12.0,180.0,47.0,12.0,12.0,5,4,9,2,0,3,1
67.0,4,0,0,0,61284.0,811.0,4665.0,76.0,618.0,15.0,106.0,20.0,7.0,45.0,11,2,8,1,1,6,2
36.0,2,1,1,1,22518.0,61.0,5020.0,36.0,11.0,7.0,12.0,2.0,2.0,27.0,2,1,2,2,1,5,0
47.0,3,1,1,1,54730.0,405.0,4723.0,64.0,318.0,3.0,17.0,4.0,7.0,56.0,4,1,8,5,0,4,1
67.0,3,1,1,2,38452.0,72.0,4496.0,62.0,56.0,0.0,14.0,0.0,0.0,2.0,3,0,3,3,0,7,0
51.0,2,0,1,2,44421.0,189.0,4904.0,53.0,110.0,5.0,59.0,7.0,1.0,7.0,5,0,4,5,0,8,0
36.0,4,1,1,1,38197.0,40.0,4770.0,86.0,23.0,0.0,11.0,2.0,1.0,3.0,1,0,3,1,0,5,0
44.0,2,0,1,1,41986.0,63.0,4545.0,15.0,27.0,5.0,8.0,8.0,3.0,12.0,3,0,4,3,0,4,0
39.0,2,1,1,1,28427.0,52.0,4870.0,67.0,18.0,3.0,19.0,3.0,3.0,6.0,2,0,3,2,0,8,0
46.0,4,1,1,1,37395.0,39.0,4463.0,47.0,18.0,0.0,9.0,0.0,1.0,11.0,1,0,3,1,0,6,0
51.0,2,1,1,1,64722.0,805.0,4439.0,47.0,303.0,0.0,280.0,60.0,81.0,15.0,8,2,11,4,0,6,1
66.0,3,1,1,1,55249.0,130.0,4478.0,81.0,97.0,1.0,19.0,2.0,0.0,11.0,2,1,4,1,0,3,0
50.0,2,1,0,0,84906.0,1631.0,4673.0,98.0,997.0,15.0,414.0,99.0,30.0,76.0,5,6,12,1,3,2,2
33.0,2,1,1,1,28691.0,34.0,4765.0,56.0,5.0,4.0,13.0,8.0,0.0,4.0,1,0,3,1,0,8,0
70.0,2,0,1,2,44213.0,152.0,4617.0,48.0,95.0,11.0,35.0,0.0,4.0,7.0,2,1,5,4,0,6,0
38.0,0,0,1,1,25707.0,21.0,4567.0,18.0,1.0,6.0,2.0,3.0,6.0,3.0,1,0,3,1,0,7,0
55.0,4,1,1,3,59062.0,71.0,4674.0,74.0,46.0,1.0,12.0,3.0,0.0,9.0,2,0,3,2,0,4,0
60.0,2,0,1,1,76624.0,899.0,4441.0,68.0,411.0,81.0,147.0,54.0,81.0,66.0,5,10,7,1,1,1,2
75.0,3,1,0,0,66000.0,711.0,4475.0,36.0,244.0,51.0,270.0,101.0,0.0,45.0,1,3,5,1,0,1,2
44.0,4,1,1,1,27683.0,351.0,5099.0,90.0,152.0,9.0,121.0,12.0,12.0,45.0,6,2,4,4,0,8,1
51.0,2,0,0,0,1730.0,8.0,4447.0,65.0,1.0,1.0,3.0,1.0,1.0,1.0,0,0,0,15,0,20,0
30.0,0,0,1,1,7500.0,119.0,4978.0,63.0,10.0,17.0,18.0,8.0,26.0,40.0,3,2,2,4,0,9,0
54.0,2,1,1,2,40521.0,21.0,4855.0,82.0,12.0,0.0,5.0,0.0,0.0,4.0,0,1,2,1,0,5,0
49.0,4,1,1,1,20427.0,10.0,4502.0,63.0,5.0,0.0,4.0,0.0,0.0,1.0,1,0,2,1,0,8,0
47.0,2,1,1,1,65106.0,973.0,4441.0,55.0,790.0,19.0,133.0,12.0,0.0,19.0,8,3,13,3,1,6,1
57.0,4,1,0,0,69969.0,1536.0,4711.0,64.0,882.0,29.0,514.0,38.0,29.0,44.0,4,2,6,1,2,3,2
70.0,2,1,1,2,67433.0,992.0,4753.0,51.0,615.0,28.0,259.0,12.0,48.0,30.0,6,5,13,4,1,4,1
55.0,4,1,1,1,77766.0,1529.0,4897.0,97.0,1004.0,59.0,265.0,115.0,59.0,27.0,11,10,11,2,1,6,2
50.0,2,1,1,1,74716.0,860.0,4695.0,92.0,133.0,27.0,421.0,13.0,81.0,71.0,7,3,5,2,0,4,1
59.0,2,0,1,1,68118.0,928.0,4659.0,51.0,595.0,23.0,123.0,10.0,23.0,126.5,8,9,4,2,0,6,1
52.0,4,1,1,2,55158.0,418.0,5104.0,72.0,293.0,0.0,87.0,4.0,11.0,23.0,7,2,5,4,0,7,1
67.0,1,1,1,1,62972.0,587.0,5100.0,39.0,313.0,15.0,47.0,20.0,0.0,126.5,7,4,3,2,0,6,1
47.0,2,1,1,1,74190.0,641.0,4453.0,49.0,151.0,81.0,86.0,120.5,81.0,64.0,4,2,11,2,0,2,2
46.0,2,1,1,2,39356.0,23.0,4507.0,21.0,15.0,0.0,2.0,0.0,0.0,6.0,1,0,2,1,1,6,0
53.0,2,1,0,0,76653.0,2279.0,4722.0,91.0,736.0,63.0,556.0,120.5,81.0,126.0,4,7,11,1,2,2,2
49.0,4,0,1,2,35860.0,49.0,4446.0,37.0,15.0,0.0,8.0,4.0,2.0,20.0,1,1,2,2,1,5,0
39.0,4,0,0,0,90687.0,1779.0,4808.0,98.0,982.0,17.0,556.0,23.0,34.0,51.0,6,2,8,1,1,2,2
40.0,3,1,0,0,73450.0,1804.0,4611.0,85.0,1142.0,51.0,415.0,90.0,69.0,37.0,7,8,11,1,2,3,2
62.0,2,1,1,2,31454.0,48.0,4763.0,40.0,28.0,0.0,11.0,0.0,0.0,9.0,2,0,3,3,0,8,0
70.0,2,0,1,2,47139.0,83.0,4520.0,2.0,46.0,0.0,12.0,0.0,2.0,23.0,2,1,2,2,0,7,0
47.0,2,0,0,0,83829.0,1862.0,4669.0,78.0,897.0,81.0,430.0,120.5,81.0,27.0,4,7,6,0,3,1,2
59.0,4,1,1,2,53378.0,793.0,5048.0,41.0,489.0,6.0,152.0,8.0,6.0,126.5,9,4,6,10,0,8,1
52.0,2,1,1,1,19656.0,84.0,4911.0,94.0,25.0,4.0,9.0,6.0,8.0,32.0,2,1,3,3,0,7,0
74.0,4,1,1,1,45579.0,183.0,4718.0,10.0,145.0,1.0,33.0,2.0,1.0,1.0,4,1,4,1,0,6,0
64.0,1,0,0,0,85485.0,1383.0,4413.0,73.0,630.0,26.0,556.0,44.0,18.0,54.0,6,6,6,1,0,2,2
78.0,2,1,0,0,55956.0,999.0,4488.0,22.0,760.0,38.0,104.0,50.0,9.0,38.0,7,3,4,2,1,4,2
59.0,3,0,1,1,64191.0,825.0,4928.0,30.0,420.0,15.0,186.0,120.5,38.0,15.0,5,3,13,3,0,3,1
50.0,2,0,1,1,38808.0,246.0,5077.0,21.0,125.0,17.0,52.0,3.0,19.0,30.0,5,1,4,4,1,8,1
56.0,3,1,1,2,57183.0,610.0,4872.0,51.0,464.0,5.0,64.0,7.0,0.0,70.0,9,1,7,8,0,8,1
54.0,3,0,1,1,23748.0,76.0,4990.0,97.0,6.0,6.0,29.0,12.0,15.0,8.0,2,1,3,3,0,8,0
51.0,2,1,1,1,66303.0,1286.0,4893.0,56.0,1090.0,12.0,96.0,16.0,12.0,60.0,3,4,11,4,1,8,1
47.0,3,1,1,1,37368.0,30.0,4600.0,4.0,3.0,2.0,11.0,2.0,2.0,10.0,1,0,2,1,1,6,0
58.0,2,1,1,3,40800.0,99.0,4949.0,77.0,24.0,0.0,27.0,8.0,30.0,10.0,3,0,3,2,0,7,0
44.0,2,0,0,0,71847.0,1192.0,5051.0,95.0,737.0,21.0,106.0,55.0,63.0,126.5,6,7,9,0,1,3,2
47.0,2,1,1,1,46149.0,362.0,4617.0,36.0,254.0,6.0,71.0,4.0,0.0,27.0,5,1,7,5,0,5,1
39.0,2,1,0,0,78687.0,2130.0,5094.0,13.0,817.0,81.0,556.0,120.5,55.0,126.5,4,6,8,1,1,2,2
51.0,1,0,0,0,49118.0,1229.0,5085.0,90.0,620.0,54.0,239.0,99.0,81.0,119.0,9,7,10,2,2,7,2
65.0,4,1,1,2,37633.0,38.0,5052.0,49.0,13.0,4.0,20.0,0.0,0.0,1.0,1,0,3,2,0,9,0
71.0,3,1,0,0,39767.0,485.0,4748.0,18.0,113.0,61.0,204.0,34.0,26.0,47.0,7,1,7,2,0,8,1
71.0,0,1,0,0,26997.0,434.0,5006.0,89.0,7.0,23.0,78.0,120.5,49.0,126.5,4,2,5,2,0,7,1
52.0,2,0,1,1,33986.0,44.0,4877.0,43.0,16.0,2.0,18.0,2.0,1.0,5.0,1,0,3,1,0,7,0
50.0,4,1,1,1,57091.0,496.0,4988.0,82.0,462.0,0.0,24.0,6.0,0.0,4.0,9,2,5,2,1,7,1
53.0,1,1,1,2,46831.0,78.0,4791.0,84.0,22.0,2.0,10.0,6.0,4.0,34.0,1,2,2,2,0,4,0
50.0,3,1,0,0,83151.0,2346.0,4909.0,80.0,968.0,81.0,556.0,120.5,42.0,126.5,5,7,10,1,3,2,2
51.0,2,1,0,0,52531.0,794.0,4951.0,68.0,283.0,81.0,151.0,51.0,72.0,125.0,7,2,10,2,0,6,2
66.0,2,1,0,0,15759.0,17.0,4702.0,12.0,1.0,2.0,5.0,6.0,0.0,3.0,1,0,2,1,0,7,0
51.0,2,0,1,1,22804.0,26.0,4738.0,75.0,14.0,1.0,7.0,2.0,1.0,1.0,2,0,2,1,0,9,0
49.0,1,1,1,1,43050.0,76.0,4508.0,10.0,30.0,5.0,24.0,6.0,3.0,8.0,2,0,4,2,0,5,0
45.0,4,0,1,2,42997.0,15.0,4609.0,91.0,4.0,0.0,5.0,0.0,1.0,5.0,1,0,2,1,0,7,0
59.0,4,0,1,2,48918.0,62.0,4483.0,21.0,52.0,0.0,9.0,0.0,0.0,1.0,1,0,4,2,0,4,0
68.0,3,1,1,1,60033.0,198.0,4497.0,28.0,62.0,1.0,57.0,19.0,11.0,48.0,2,1,5,2,0,2,0
44.0,4,1,1,1,34043.0,49.0,4652.0,97.0,20.0,2.0,14.0,3.0,0.0,10.0,2,0,2,1,0,9,0
56.0,2,1,1,1,57811.0,802.0,4775.0,49.0,545.0,7.0,114.0,37.0,21.0,78.0,7,2,11,5,1,5,1
76.0,2,1,0,0,78569.0,1736.0,4535.0,14.0,558.0,79.0,556.0,120.5,81.0,95.0,4,6,4,1,1,1,2
44.0,2,0,1,2,7500.0,57.0,4954.0,5.0,6.0,5.0,4.0,13.0,4.0,25.0,2,1,3,4,0,6,0
51.0,3,1,1,1,117416.25,59.0,4795.0,37.0,39.0,1.0,9.0,2.0,0.0,8.0,1,0,1,0,0,1,0
69.0,2,1,0,0,94384.0,2302.0,4887.0,62.0,1111.0,24.0,556.0,120.5,45.0,126.5,5,8,5,0,3,2,2
37.0,1,1,0,0,23148.0,37.0,4536.0,83.0,4.0,6.0,8.0,6.0,3.0,10.0,2,0,3,1,0,7,0
52.0,2,0,1,2,44267.0,310.0,4894.0,48.0,183.0,5.0,65.0,3.0,5.0,49.0,5,2,4,5,0,9,1
43.0,2,1,0,0,71626.0,1305.0,5010.0,94.0,546.0,72.0,376.0,94.0,81.0,72.0,5,5,8,1,1,3,2
56.0,2,1,1,1,60894.0,832.0,4771.0,61.0,606.0,7.0,155.0,10.0,0.0,54.0,10,3,8,5,0,7,1
46.0,2,1,1,2,50200.0,401.0,4857.0,70.0,266.0,6.0,51.0,8.0,6.0,64.0,7,1,5,6,0,8,1
57.0,4,1,0,0,81051.0,1501.0,4442.0,43.0,1142.0,29.0,249.0,38.0,29.0,14.0,5,5,12,1,2,2,2
40.0,2,1,0,0,65169.0,1189.0,4571.0,23.0,1074.0,0.0,69.0,0.0,0.0,46.0,10,4,13,1,4,6,2
50.0,2,1,1,1,59868.0,1194.0,4747.0,37.0,771.0,51.0,154.0,54.0,10.0,126.5,11,2,12,7,0,6,1
62.0,4,1,1,1,65695.0,656.0,4554.0,50.0,371.0,32.0,189.0,0.0,58.0,6.0,5,4,10,2,0,4,1
66.0,3,0,0,0,64857.0,1540.0,4988.0,78.0,556.0,14.0,556.0,120.5,0.0,43.0,7,5,10,1,0,4,2
57.0,3,1,1,1,45143.0,311.0,4712.0,74.0,202.0,5.0,74.0,11.0,5.0,14.0,6,1,5,3,0,7,1
67.0,1,1,1,1,74805.0,820.0,4640.0,14.0,209.0,81.0,209.0,41.0,81.0,37.0,4,7,10,5,0,2,2
33.0,1,1,1,1,59060.0,274.0,4574.0,77.0,35.0,40.0,111.0,36.0,40.0,12.0,3,1,7,3,0,4,1
60.0,4,0,1,2,27238.0,57.0,4840.0,39.0,37.0,0.0,17.0,0.0,0.0,3.0,3,0,3,3,0,9,0
57.0,2,1,1,1,47009.0,448.0,4676.0,89.0,171.0,45.0,73.0,59.0,10.0,90.0,3,2,8,4,0,4,1
49.0,1,1,1,2,46094.0,44.0,4424.0,62.0,12.0,2.0,20.0,3.0,2.0,5.0,1,0,3,1,0,7,0
50.0,2,1,1,2,40321.0,102.0,4740.0,59.0,44.0,4.0,21.0,6.0,0.0,27.0,3,0,3,2,0,7,0
38.0,2,1,1,1,37235.0,61.0,4553.0,68.0,20.0,2.0,9.0,4.0,6.0,20.0,1,1,2,1,0,4,0
62.0,3,1,0,0,81843.0,1643.0,4838.0,13.0,779.0,81.0,537.0,34.0,69.0,126.5,5,9,12,1,0,3,2
64.0,3,1,1,1,46692.0,397.0,4793.0,37.0,170.0,6.0,97.0,24.0,12.0,88.0,6,1,5,3,0,6,1
54.0,2,1,1,1,77382.0,1121.0,4578.0,36.0,491.0,48.0,231.0,112.0,81.0,126.5,5,7,12,2,1,1,2
45.0,2,0,1,2,37774.0,473.0,5069.0,28.0,173.0,8.0,107.0,7.0,2.0,126.5,7,2,3,4,1,9,1
48.0,0,1,1,1,18393.0,50.0,4497.0,2.0,7.0,10.0,13.0,16.0,0.0,4.0,3,0,3,2,0,8,0
60.0,3,1,1,1,72828.0,1678.0,4905.0,17.0,1205.0,0.0,235.0,19.0,14.0,126.5,6,3,13,6,0,7,1
40.0,2,1,0,0,24711.0,58.0,4477.0,86.0,10.0,7.0,25.0,6.0,3.0,7.0,3,0,3,1,0,7,0
47.0,4,1,1,1,45503.0,170.0,4682.0,54.0,97.0,4.0,44.0,6.0,1.0,18.0,3,1,4,1,0,5,0
40.0,3,0,0,0,6560.0,373.0,4604.0,2.0,67.0,11.0,26.0,4.0,3.0,126.5,1,0,1,0,0,17,0
77.0,4,1,0,0,71604.0,1196.0,4629.0,3.0,345.0,53.0,528.0,98.0,75.0,97.0,8,3,5,1,1,4,2
43.0,2,1,1,1,27244.0,101.0,4519.0,84.0,6.0,5.0,17.0,3.0,24.0,46.0,2,2,2,2,0,7,0
53.0,2,1,1,2,48752.0,316.0,4969.0,8.0,73.0,57.0,100.0,71.0,15.0,0.0,6,1,5,5,0,9,1
60.0,2,1,1,1,71434.0,1400.0,4689.0,4.0,711.0,36.0,217.0,120.5,81.0,126.5,7,4,7,3,2,4,2
74.0,2,0,0,0,90842.0,1424.0,4740.0,57.0,774.0,70.0,118.0,120.5,81.0,93.0,4,9,13,1,0,1,2
44.0,3,1,1,1,88097.0,844.0,5085.0,24.0,163.0,0.0,480.0,0.0,81.0,75.0,6,5,8,1,3,9,1
47.0,2,1,1,1,51948.0,311.0,4690.0,51.0,82.0,33.0,54.0,71.0,30.0,41.0,5,2,4,2,0,5,1
40.0,2,1,0,0,71853.0,1149.0,4822.0,29.0,358.0,81.0,413.0,120.5,81.0,32.0,2,8,6,1,0,1,2
39.0,3,1,0,0,35876.0,129.0,4475.0,13.0,66.0,2.0,40.0,4.0,3.0,14.0,3,1,3,1,0,6,0
70.0,2,0,1,1,40049.0,32.0,4661.0,23.0,13.0,6.0,7.0,0.0,3.0,3.0,1,0,3,1,0,6,0
40.0,2,0,1,1,39660.0,299.0,5095.0,36.0,139.0,13.0,78.0,20.0,13.0,36.0,7,1,3,3,0,9,1
60.0,2,1,1,1,50127.0,320.0,4436.0,88.0,274.0,0.0,21.0,4.0,6.0,15.0,5,1,6,1,1,6,0
45.0,3,1,1,1,43263.0,441.0,4990.0,2.0,262.0,6.0,61.0,0.0,10.0,102.0,5,2,6,3,0,5,1
73.0,3,1,1,2,62845.0,1178.0,5041.0,3.0,1099.0,0.0,45.0,0.0,0.0,34.0,3,4,10,11,1,8,1
32.0,2,1,0,0,18929.0,85.0,4903.0,15.0,32.0,0.0,8.0,23.0,4.0,18.0,1,0,4,1,0,6,0
40.0,0,0,1,1,24367.0,24.0,4871.0,58.0,2.0,4.0,2.0,0.0,11.0,5.0,1,0,2,1,0,9,0
47.0,2,0,1,1,33249.0,112.0,4899.0,11.0,6.0,10.0,21.0,19.0,14.0,42.0,2,1,3,2,0,6,0
63.0,1,1,1,1,26887.0,30.0,4909.0,27.0,6.0,7.0,4.0,3.0,4.0,6.0,1,0,3,1,0,6,0
39.0,4,1,0,0,50150.0,410.0,4779.0,32.0,135.0,46.0,92.0,65.0,61.0,11.0,5,2,7,2,0,5,2
46.0,2,1,1,1,62061.0,800.0,4707.0,12.0,641.0,7.0,84.0,0.0,30.0,38.0,10,4,7,3,1,6,1
60.0,4,0,0,0,85696.0,1313.0,4827.0,88.0,714.0,76.0,395.0,116.0,0.0,12.0,4,6,9,1,0,1,2
66.0,4,1,0,0,76542.0,1483.0,4861.0,91.0,794.0,73.0,556.0,0.0,29.0,14.0,4,8,10,1,0,2,2
29.0,2,0,0,0,70515.0,1258.0,4656.0,12.0,420.0,0.0,452.0,120.5,64.0,126.5,6,6,4,1,0,2,2
35.0,2,1,1,1,18227.0,28.0,5003.0,21.0,1.0,2.0,7.0,4.0,3.0,11.0,0,1,2,1,0,8,0
57.0,2,1,1,1,69139.0,227.0,4558.0,23.0,86.0,12.0,75.0,33.0,15.0,6.0,4,1,5,1,0,4,1
40.0,2,1,0,0,69109.0,1555.0,5002.0,10.0,823.0,25.0,459.0,120.5,29.0,95.0,6,6,7,1,1,4,2
60.0,2,0,1,1,69627.0,861.0,4874.0,35.0,231.0,81.0,215.0,120.5,30.0,53.0,8,2,11,2,0,5,1
44.0,2,1,1,1,38136.0,103.0,4838.0,69.0,8.0,15.0,27.0,0.0,20.0,33.0,3,1,2,2,1,8,0
76.0,4,0,0,0,62159.0,634.0,4467.0,68.0,182.0,17.0,259.0,77.0,70.0,29.0,6,2,10,1,0,4,2
59.0,2,0,0,0,80695.0,1918.0,4587.0,85.0,557.0,81.0,556.0,120.5,37.0,18.0,5,8,5,1,0,2,2
51.0,3,0,1,2,33316.0,131.0,4673.0,34.0,79.0,1.0,31.0,4.0,4.0,12.0,2,1,4,3,0,6,0
54.0,2,1,1,2,58554.0,586.0,5046.0,55.0,368.0,24.0,68.0,38.0,0.0,88.0,8,2,6,6,0,7,1
30.0,0,1,1,1,17256.0,62.0,4623.0,10.0,6.0,4.0,14.0,8.0,8.0,22.0,2,1,2,2,1,8,0
48.0,2,0,1,2,53034.0,447.0,4800.0,30.0,160.0,15.0,196.0,15.0,11.0,50.0,6,1,7,8,0,8,1
72.0,1,1,0,0,52203.0,939.0,5103.0,36.0,488.0,21.0,238.0,56.0,81.0,28.0,8,7,11,1,0,6,2
45.0,1,0,1,1,59601.0,797.0,4744.0,14.0,691.0,7.0,69.0,0.0,7.0,23.0,2,2,7,4,1,8,1
64.0,3,0,1,1,75154.0,1143.0,5068.0,79.0,543.0,10.0,205.0,120.5,81.0,82.0,6,3,6,1,0,3,1
46.0,2,0,1,1,47025.0,415.0,4639.0,52.0,254.0,7.0,108.0,20.0,0.0,26.0,6,3,5,3,0,6,1
49.0,2,1,1,1,37971.0,30.0,4621.0,97.0,5.0,4.0,10.0,2.0,2.0,7.0,1,0,3,1,0,8,0
54.0,3,0,1,1,41335.0,187.0,4590.0,24.0,112.0,19.0,21.0,16.0,14.0,5.0,4,1,4,3,0,7,0
64.0,2,1,1,1,67267.0,251.0,4452.0,0.0,134.0,11.0,59.0,15.0,2.0,30.0,3,2,5,1,0,2,1
47.0,2,0,1,1,57338.0,237.0,4466.0,96.0,143.0,6.0,52.0,11.0,8.0,17.0,4,1,5,2,0,5,0
62.0,1,1,1,2,50523.0,91.0,4591.0,89.0,51.0,4.0,24.0,4.0,7.0,1.0,2,0,4,2,0,6,0
57.0,3,0,1,3,35791.0,35.0,4824.0,94.0,27.0,0.0,5.0,0.0,0.0,3.0,1,0,3,2,0,8,0
62.0,4,0,1,1,50611.0,493.0,5038.0,98.0,459.0,0.0,24.0,6.0,0.0,4.0,4,5,7,6,1,6,1
53.0,4,1,1,1,56242.0,971.0,4888.0,72.0,689.0,8.0,167.0,11.0,8.0,88.0,8,4,11,5,0,6,1
62.0,2,0,1,1,48904.0,371.0,4979.0,1.0,283.0,10.0,38.0,0.0,13.0,27.0,7,2,4,4,0,8,1
47.0,2,0,1,3,56243.0,396.0,4586.0,26.0,347.0,0.0,35.0,4.0,3.0,7.0,4,2,8,6,0,5,1
37.0,2,1,1,1,21355.0,68.0,4718.0,5.0,5.0,13.0,14.0,0.0,5.0,31.0,2,1,2,2,1,6,0
51.0,3,1,1,1,57420.0,322.0,4774.0,22.0,280.0,0.0,18.0,0.0,0.0,24.0,5,1,6,3,1,7,0
52.0,3,1,1,1,51381.5,317.0,4859.0,39.0,187.0,5.0,65.0,26.0,20.0,14.0,4,2,6,2,0,5,1
67.0,3,0,1,1,46390.0,222.0,4460.0,56.0,95.0,14.0,64.0,2.0,9.0,38.0,4,2,3,1,0,7,0
66.0,1,1,1,2,54342.0,177.0,4766.0,74.0,84.0,10.0,34.0,11.0,10.0,28.0,3,1,4,4,0,6,1
64.0,2,1,1,2,51381.5,45.0,5069.0,87.0,19.0,4.0,12.0,2.0,2.0,6.0,1,0,3,1,0,5,0
58.0,1,0,1,2,51381.5,21.0,4573.0,49.0,5.0,1.0,9.0,2.0,0.0,4.0,1,0,2,1,0,7,0
49.0,2,1,1,1,20895.0,45.0,5036.0,24.0,18.0,3.0,17.0,3.0,0.0,4.0,2,0,3,1,0,9,0
74.0,2,1,0,0,92344.0,1899.0,4570.0,9.0,992.0,24.0,556.0,51.0,19.0,119.0,5,10,5,0,2,1,2
50.0,4,1,1,1,51381.5,42.0,4524.0,17.0,25.0,1.0,13.0,0.0,0.0,3.0,1,0,3,1,0,7,0
46.0,1,1,1,2,26907.0,22.0,4718.0,10.0,9.0,1.0,7.0,0.0,3.0,2.0,1,0,3,2,0,7,0
42.0,2,1,1,2,44964.0,41.0,4965.0,35.0,19.0,1.0,17.0,2.0,0.0,2.0,1,0,3,1,0,8,0
43.0,2,1,0,0,75507.0,1440.0,4463.0,56.0,709.0,81.0,374.0,104.0,80.0,80.0,8,6,6,1,0,3,2
50.0,3,1,1,2,53761.0,325.0,4666.0,7.0,158.0,0.0,76.0,13.0,7.0,71.0,4,4,3,6,0,5,1
49.0,2,1,1,1,22682.0,95.0,4674.0,51.0,10.0,14.0,29.0,4.0,2.0,36.0,2,1,4,3,0,4,0
50.0,4,1,1,1,38887.0,42.0,4524.0,17.0,25.0,1.0,13.0,0.0,0.0,3.0,1,0,3,1,0,7,0
47.0,1,0,1,2,41658.0,72.0,5002.0,30.0,8.0,4.0,12.0,15.0,4.0,29.0,1,1,2,2,0,4,0
50.0,4,1,1,1,29791.0,20.0,4450.0,21.0,14.0,0.0,6.0,0.0,0.0,0.0,2,0,3,2,0,5,0
66.0,3,1,1,2,63915.0,789.0,4739.0,2.0,622.0,7.0,115.0,30.0,0.0,15.0,6,3,12,2,0,5,1
48.0,2,0,1,2,39996.0,15.0,4443.0,85.0,11.0,0.0,3.0,0.0,0.0,1.0,1,0,2,1,0,6,0
50.0,2,0,1,1,26759.0,59.0,4547.0,65.0,25.0,3.0,16.0,8.0,5.0,2.0,2,1,3,2,0,6,0
54.0,3,0,1,1,63841.0,908.0,4839.0,64.0,635.0,15.0,100.0,20.0,7.0,126.5,9,3,9,1,0,6,1
53.0,4,1,1,2,51039.0,417.0,4971.0,11.0,100.0,64.0,79.0,65.0,0.0,109.0,6,2,4,2,0,7,1
61.0,2,1,1,2,60544.0,289.0,5078.0,92.0,201.0,2.0,43.0,3.0,5.0,35.0,5,1,5,4,0,6,1
50.0,2,1,1,1,65685.0,769.0,4497.0,54.0,642.0,14.0,49.0,0.0,7.0,57.0,9,2,9,1,0,5,1
69.0,2,1,1,1,37716.0,188.0,4474.0,4.0,97.0,1.0,41.0,6.0,2.0,41.0,4,1,3,2,0,7,0
65.0,2,0,1,1,36864.0,354.0,5090.0,53.0,204.0,5.0,39.0,17.0,0.0,89.0,5,2,4,3,0,8,1
52.0,3,1,1,1,44511.0,727.0,5030.0,39.0,513.0,7.0,133.0,46.0,14.0,14.0,8,4,8,6,0,8,1
55.0,4,1,1,2,36947.0,146.0,5096.0,49.0,88.0,3.0,21.0,4.0,1.0,29.0,3,0,4,4,0,9,0
71.0,3,1,1,1,47352.0,319.0,4849.0,70.0,172.0,12.0,112.0,8.0,0.0,15.0,6,1,5,4,0,7,1
69.0,3,1,1,1,67087.0,794.0,4599.0,40.0,329.0,35.0,222.0,120.5,35.0,43.0,7,5,8,2,0,4,1
72.0,2,1,1,1,57045.0,454.0,5064.0,40.0,296.0,13.0,104.0,11.0,13.0,17.0,4,2,9,3,0,3,1
69.0,4,0,1,2,36957.0,152.0,5066.0,43.0,100.0,2.0,16.0,2.0,1.0,31.0,3,2,2,4,0,9,0
45.0,4,1,1,1,69389.0,797.0,5044.0,17.0,422.0,7.0,238.0,69.0,46.0,15.0,7,2,12,1,0,4,1
50.0,2,1,1,1,80134.0,1690.0,4810.0,40.0,1218.0,16.0,272.0,104.0,0.0,80.0,5,3,6,2,3,6,1
53.0,3,1,1,2,43142.0,20.0,4536.0,84.0,5.0,1.0,7.0,2.0,1.0,4.0,1,0,2,1,0,7,0
78.0,2,1,0,0,80589.0,1428.0,4563.0,25.0,507.0,81.0,520.0,120.5,40.0,26.0,5,10,5,1,1,1,2
32.0,2,0,1,1,34412.0,209.0,4906.0,62.0,52.0,12.0,50.0,4.0,36.0,55.0,5,0,3,3,0,9,0
43.0,2,0,1,1,57537.0,545.0,4789.0,83.0,191.0,56.0,139.0,51.0,8.0,100.0,4,3,8,4,0,4,1
56.0,0,1,0,0,22634.0,96.0,4934.0,47.0,2.0,23.0,11.0,8.0,6.0,46.0,2,1,2,1,0,8,0
74.0,2,1,0,0,51315.0,222.0,4531.0,45.0,68.0,28.0,39.0,16.0,30.0,41.0,2,2,5,1,0,2,2
50.0,2,1,1,3,36026.0,61.0,4510.0,34.0,20.0,4.0,10.0,6.0,4.0,17.0,2,0,3,2,0,6,0
49.0,2,1,1,2,24639.0,44.0,4557.0,3.0,20.0,3.0,16.0,0.0,4.0,1.0,2,0,4,3,0,6,0
50.0,4,1,1,3,34578.0,8.0,4484.0,1.0,7.0,0.0,1.0,0.0,0.0,0.0,1,0,2,1,0,6,0
50.0,1,0,0,0,65704.0,817.0,4664.0,18.0,279.0,81.0,74.0,38.0,8.0,126.5,2,10,10,1,0,1,2
56.0,2,0,1,1,63810.0,1371.0,5000.0,45.0,977.0,12.0,253.0,16.0,12.0,101.0,4,3,12,4,1,8,1
53.0,4,1,1,1,54132.0,42.0,4538.0,81.0,30.0,1.0,8.0,0.0,0.0,3.0,1,0,3,1,0,7,0
63.0,2,1,0,0,18690.0,60.0,4953.0,77.0,6.0,1.0,7.0,23.0,4.0,19.0,1,1,2,1,0,8,0
52.0,2,1,1,1,28164.0,78.0,4826.0,23.0,3.0,18.0,26.0,11.0,8.0,12.0,2,0,4,3,0,7,0
48.0,4,1,1,1,34596.0,23.0,4847.0,48.0,14.0,0.0,2.0,0.0,0.0,7.0,1,0,2,1,0,8,0
50.0,4,1,1,1,43269.0,19.0,4691.0,61.0,10.0,1.0,7.0,0.0,0.0,1.0,1,0,2,1,0,8,0
64.0,1,0,1,2,38741.0,61.0,4496.0,60.0,7.0,10.0,17.0,8.0,6.0,13.0,2,0,3,2,0,7,0
50.0,2,0,0,0,31907.0,449.0,4887.0,75.0,33.0,81.0,64.0,120.5,16.0,74.0,6,1,6,1,0,7,2
39.0,3,1,1,1,27100.0,37.0,4855.0,64.0,12.0,0.0,13.0,2.0,0.0,10.0,1,0,3,1,0,7,0
49.0,1,0,1,1,31163.0,38.0,4541.0,54.0,2.0,3.0,10.0,11.0,2.0,10.0,1,0,3,1,0,6,0
37.0,2,1,0,0,92533.0,1131.0,4597.0,84.0,693.0,21.0,118.0,110.0,81.0,42.0,6,5,11,1,2,2,2
49.0,2,0,1,2,34853.0,34.0,4593.0,75.0,9.0,3.0,15.0,2.0,3.0,2.0,2,0,3,2,0,6,0
55.0,2,0,1,2,70844.0,294.0,4647.0,16.0,129.0,26.0,67.0,3.0,67.0,2.0,6,1,5,5,0,7,1
43.0,1,1,1,2,31086.0,48.0,4826.0,79.0,16.0,2.0,11.0,3.0,0.0,16.0,1,1,2,2,1,8,0
61.0,2,1,1,2,60544.0,289.0,5078.0,92.0,201.0,2.0,43.0,3.0,5.0,35.0,5,1,5,4,0,6,1
36.0,1,1,0,0,20491.0,30.0,4925.0,16.0,5.0,4.0,5.0,4.0,2.0,10.0,0,1,2,1,0,7,0
58.0,2,1,0,0,42523.0,125.0,4472.0,96.0,14.0,36.0,11.0,3.0,26.0,35.0,1,1,4,1,0,2,0
39.0,2,1,1,1,39922.0,156.0,4905.0,30.0,29.0,12.0,59.0,19.0,1.0,36.0,3,0,4,2,0,8,0
70.0,2,1,1,2,33402.0,70.0,4751.0,60.0,26.0,2.0,19.0,10.0,5.0,8.0,2,1,3,3,0,8,0
73.0,3,1,1,2,36408.0,22.0,4686.0,11.0,9.0,1.0,4.0,3.0,2.0,3.0,1,0,2,1,0,6,0
43.0,2,1,1,1,21645.0,65.0,5069.0,75.0,14.0,0.0,23.0,4.0,5.0,19.0,3,0,3,3,0,9,0
74.0,3,0,0,0,78427.0,1930.0,5018.0,36.0,972.0,19.0,556.0,120.5,26.0,126.5,3,7,10,3,1,3,2
76.0,2,1,0,0,82657.0,2283.0,4680.0,71.0,966.0,81.0,556.0,120.5,81.0,126.0,7,5,10,1,2,4,2
64.0,2,1,0,0,51876.0,310.0,4662.0,88.0,99.0,27.0,102.0,28.0,48.0,6.0,2,2,8,1,0,1,2
51.0,1,1,0,0,78041.0,1319.0,4965.0,93.0,482.0,35.0,553.0,72.0,81.0,17.0,4,4,9,1,0,2,2
65.0,2,1,1,1,52852.0,879.0,4980.0,93.0,714.0,8.0,99.0,11.0,0.0,47.0,10,7,5,4,1,8,1
40.0,4,1,0,0,70038.0,1244.0,4652.0,54.0,587.0,54.0,348.0,71.0,54.0,126.5,4,4,8,1,0,2,2
49.0,1,1,1,1,69401.0,690.0,4503.0,41.0,399.0,27.0,159.0,58.0,8.0,39.0,4,4,5,4,0,2,1
50.0,2,1,1,1,46053.0,209.0,4902.0,46.0,56.0,10.0,92.0,19.0,7.0,25.0,3,2,4,3,0,5,1
57.0,2,1,0,0,77343.0,1134.0,4425.0,28.0,227.0,81.0,556.0,98.0,54.0,31.0,3,4,9,1,0,1,2
69.0,2,0,0,0,73892.0,1507.0,4633.0,40.0,703.0,81.0,556.0,0.0,58.0,43.0,3,11,8,1,0,1,2
55.0,4,0,1,1,40304.0,57.0,4677.0,82.0,37.0,0.0,17.0,0.0,0.0,3.0,2,0,3,1,0,7,0
57.0,4,1,0,0,32727.0,529.0,5075.0,38.0,167.0,13.0,180.0,86.0,13.0,70.0,7,3,5,2,0,8,1
53.0,2,1,0,0,68695.0,1091.0,4409.0,3.0,458.0,81.0,356.0,106.0,50.0,40.0,4,4,7,1,0,2,2
51.0,2,0,1,1,43300.0,180.0,5029.0,87.0,91.0,3.0,52.0,2.0,1.0,31.0,4,0,4,3,0,8,0
50.0,2,1,1,2,26290.0,77.0,4938.0,49.0,15.0,8.0,16.0,11.0,5.0,22.0,2,0,4,4,0,6,0
52.0,2,0,0,0,93790.0,2349.0,4542.0,16.0,1225.0,68.0,556.0,89.0,81.0,45.0,6,7,12,0,3,2,2
48.0,4,1,0,0,38410.0,534.0,5058.0,65.0,153.0,64.0,123.0,116.0,64.0,14.0,5,2,9,2,0,6,2
72.0,3,0,1,1,64866.0,556.0,4559.0,9.0,508.0,5.0,21.0,7.0,5.0,10.0,7,3,7,4,1,5,1
63.0,2,1,1,1,57957.0,637.0,4719.0,24.0,290.0,59.0,177.0,77.0,5.0,29.0,4,6,8,7,0,3,1
67.0,4,1,1,2,46015.0,46.0,4482.0,25.0,38.0,0.0,2.0,0.0,0.0,6.0,1,0,3,1,2,7,0
44.0,2,1,1,1,16531.0,44.0,4416.0,43.0,2.0,13.0,6.0,7.0,5.0,11.0,3,0,3,3,0,7,0
36.0,3,1,1,1,28072.0,47.0,4761.0,10.0,30.0,0.0,10.0,2.0,0.0,5.0,1,0,3,1,0,7,0
59.0,3,0,1,1,49476.0,795.0,4779.0,29.0,386.0,23.0,95.0,54.0,41.0,126.5,2,11,5,4,0,2,1
69.0,2,1,1,1,50725.0,586.0,4906.0,45.0,443.0,10.0,75.0,0.0,10.0,48.0,8,1,8,4,0,8,1
70.0,2,1,0,0,83844.0,1574.0,4818.0,57.0,901.0,31.0,345.0,75.0,31.0,126.5,4,4,11,1,1,1,2
72.0,4,1,1,2,41145.0,13.0,4546.0,20.0,9.0,0.0,3.0,0.0,0.0,1.0,0,0,3,1,0,3,0
52.0,2,1,1,1,67419.0,1471.0,4934.0,29.0,846.0,81.0,352.0,91.0,56.0,42.0,9,4,8,4,0,5,1
52.0,1,1,1,2,23162.0,65.0,4595.0,82.0,8.0,3.0,9.0,19.0,4.0,22.0,1,1,3,3,0,6,0
45.0,2,1,1,1,34380.0,175.0,4828.0,68.0,72.0,7.0,58.0,13.0,1.0,24.0,4,1,3,4,0,8,0
56.0,2,0,1,1,34704.0,40.0,4833.0,65.0,29.0,0.0,5.0,0.0,1.0,5.0,1,0,3,1,0,5,0
53.0,4,1,1,2,94871.0,1078.0,5071.0,99.0,169.0,24.0,553.0,120.5,0.0,126.5,8,5,4,1,2,7,1
64.0,2,1,1,1,65148.0,1115.0,4995.0,9.0,460.0,35.0,422.0,33.0,12.0,126.5,6,6,7,2,0,4,1
68.0,2,1,1,1,39898.0,134.0,4907.0,20.0,69.0,8.0,26.0,12.0,7.0,12.0,3,0,4,2,0,7,0
66.0,3,0,0,0,64857.0,1540.0,4988.0,78.0,556.0,14.0,556.0,120.5,0.0,43.0,7,5,10,1,0,4,2
52.0,4,1,1,1,59892.0,87.0,4644.0,26.0,73.0,0.0,13.0,0.0,1.0,0.0,2,1,3,1,0,3,0
35.0,3,0,0,0,41020.0,217.0,4649.0,68.0,112.0,1.0,54.0,7.0,7.0,36.0,3,2,4,1,0,3,0
61.0,4,1,1,1,57072.0,1034.0,4561.0,79.0,944.0,0.0,60.0,0.0,0.0,30.0,7,5,13,2,1,5,1
43.0,2,0,1,1,60474.0,1180.0,4859.0,25.0,265.0,81.0,303.0,120.5,9.0,126.5,10,2,12,7,0,7,1
62.0,2,1,1,1,62807.0,819.0,5072.0,83.0,526.0,28.0,135.0,10.0,21.0,99.0,5,3,12,3,0,5,1
41.0,1,1,1,1,19414.0,32.0,4661.0,32.0,2.0,3.0,12.0,3.0,5.0,7.0,1,0,3,1,0,8,0
42.0,2,1,1,1,19107.0,46.0,4716.0,49.0,2.0,4.0,9.0,10.0,5.0,16.0,1,0,3,2,0,7,0
46.0,1,1,1,1,75484.0,1159.0,5101.0,50.0,378.0,81.0,259.0,120.5,81.0,34.0,7,3,6,2,0,4,2
46.0,3,0,1,1,70379.0,860.0,4888.0,84.0,553.0,25.0,142.0,65.0,67.0,8.0,6,3,13,3,0,4,1
52.0,3,1,0,0,79419.0,1631.0,4412.0,96.0,751.0,81.0,556.0,20.0,15.0,31.0,4,6,4,1,0,2,2
76.0,4,1,1,3,64014.0,444.0,4424.0,56.0,406.0,0.0,30.0,0.0,0.0,8.0,8,2,5,7,1,7,1
67.0,2,1,1,1,76998.0,1910.0,4939.0,85.0,1225.0,81.0,161.0,69.0,35.0,107.0,11,8,8,2,1,6,2
50.0,3,1,1,1,49854.0,380.0,4636.0,63.0,123.0,17.0,171.0,39.0,0.0,30.0,6,2,5,5,0,6,1
51.0,4,1,1,2,60585.0,736.0,4775.0,17.0,267.0,42.0,309.0,55.0,42.0,21.0,7,4,9,10,0,5,1
72.0,4,0,1,2,42873.0,269.0,4929.0,11.0,209.0,0.0,40.0,3.0,2.0,15.0,6,1,4,4,0,8,1
34.0,2,1,0,0,87679.0,2510.625,4742.0,62.0,1225.0,81.0,556.0,97.0,81.0,33.0,7,11,10,1,3,4,2
44.0,2,1,1,1,57867.0,612.0,4676.0,48.0,344.0,35.0,178.0,15.0,23.0,17.0,7,2,9,7,0,6,1
32.0,2,1,1,1,35765.0,75.0,4605.0,86.0,22.0,3.0,30.0,0.0,5.0,15.0,2,0,4,2,0,6,0
63.0,2,1,0,0,65492.0,1045.0,4559.0,73.0,247.0,81.0,295.0,120.5,81.0,47.0,4,7,13,2,0,2,2
45.0,2,0,1,1,32952.0,55.0,4615.0,36.0,38.0,0.0,12.0,3.0,1.0,1.0,2,0,3,1,0,7,0
53.0,4,1,1,1,53374.0,1064.0,5087.0,34.0,896.0,10.0,101.0,13.0,10.0,34.0,4,2,9,6,1,9,1
63.0,2,1,1,1,71706.0,1443.0,4998.0,16.0,931.0,56.0,253.0,91.0,81.0,14.0,9,5,7,4,0,5,1
34.0,2,1,0,0,68487.0,1366.0,4937.0,48.0,758.0,12.0,385.0,33.0,81.0,89.0,9,7,13,1,0,4,2
47.0,3,1,1,2,53253.0,436.0,4908.0,61.0,216.0,9.0,57.0,20.0,9.0,125.0,4,3,5,7,0,5,1
49.0,1,0,1,1,31163.0,38.0,4541.0,54.0,2.0,3.0,10.0,11.0,2.0,10.0,1,0,3,1,0,6,0
45.0,2,1,1,1,42014.0,436.0,5086.0,56.0,244.0,15.0,108.0,4.0,15.0,50.0,7,1,6,6,0,8,1
49.0,3,1,1,2,54108.0,747.0,5006.0,74.0,539.0,6.0,91.0,8.0,6.0,97.0,8,2,9,13,0,8,1
67.0,4,0,0,0,49667.0,1396.0,5083.0,35.0,1181.0,26.0,120.0,17.0,13.0,39.0,5,10,5,2,1,8,2
48.0,3,1,0,0,63206.0,928.0,4506.0,65.0,750.0,8.0,125.0,11.0,8.0,26.0,4,3,6,1,1,2,2
50.0,3,1,1,2,57136.0,642.0,4760.0,48.0,306.0,5.0,109.0,21.0,81.0,92.0,5,2,10,9,0,6,1
47.0,1,1,1,1,46772.0,1048.0,5004.0,88.0,350.0,81.0,189.0,120.5,81.0,57.0,11,8,5,6,1,8,1
51.0,4,1,0,0,78931.0,943.0,4652.0,19.0,331.0,81.0,170.0,58.0,81.0,35.0,2,8,13,1,0,1,2
64.0,2,1,1,1,53977.0,907.0,4791.0,21.0,620.0,16.0,165.0,0.0,24.0,82.0,5,5,12,5,0,5,1
34.0,2,1,0,0,84219.0,1198.0,4552.0,27.0,434.0,81.0,400.0,45.0,81.0,45.0,3,4,10,1,0,1,2
47.0,3,0,1,2,46098.0,120.0,5085.0,86.0,57.0,0.0,27.0,0.0,0.0,36.0,3,2,2,4,0,8,0
57.0,2,1,1,1,73538.0,1658.0,4986.0,92.0,811.0,76.0,428.0,99.0,81.0,107.0,10,4,9,3,0,7,1
36.0,2,1,0,0,79529.0,1638.0,4468.0,1.0,423.0,42.0,556.0,73.0,81.0,126.5,4,8,9,1,0,2,2
45.0,1,1,0,0,20981.0,73.0,4830.0,14.0,2.0,12.0,10.0,6.0,13.0,30.0,3,1,2,1,0,8,0
42.0,2,0,1,1,51766.0,275.0,4515.0,74.0,60.0,51.0,87.0,6.0,20.0,51.0,4,2,4,2,0,5,1
60.0,2,1,1,1,55759.0,854.0,4983.0,84.0,675.0,0.0,85.0,10.0,7.0,77.0,10,3,8,5,0,8,1
44.0,2,1,1,1,33039.0,78.0,4698.0,4.0,30.0,8.0,12.0,8.0,8.0,12.0,2,0,4,1,0,5,0
50.0,3,1,1,1,37787.0,106.0,4687.0,50.0,40.0,1.0,40.0,4.0,3.0,18.0,3,0,3,1,0,8,0
52.0,2,0,1,1,27242.0,106.0,5000.0,2.0,3.0,17.0,26.0,20.0,1.0,39.0,2,0,3,2,0,9,0
39.0,4,0,0,0,87188.0,1923.0,4796.0,73.0,910.0,81.0,556.0,49.0,74.0,55.0,10,2,6,1,0,3,2
51.0,2,1,0,0,69930.0,1662.0,4804.0,21.0,252.0,81.0,556.0,120.5,70.0,126.5,4,5,12,1,0,3,2
46.0,2,0,1,1,37697.0,84.0,4547.0,82.0,34.0,6.0,21.0,11.0,4.0,8.0,2,1,3,1,0,6,0
49.0,4,1,1,1,37401.0,48.0,4459.0,14.0,19.0,3.0,19.0,3.0,1.0,3.0,2,0,3,2,0,7,0
49.0,2,0,1,1,3502.0,5.0,4847.0,56.0,2.0,1.0,1.0,0.0,0.0,1.0,0,0,0,0,0,14,0
46.0,2,1,1,2,58597.0,733.0,4991.0,20.0,490.0,0.0,184.0,10.0,28.0,21.0,7,4,9,12,0,7,1
74.0,4,0,0,0,82032.0,1234.0,4490.0,54.0,332.0,81.0,377.0,120.5,81.0,57.0,4,6,7,0,0,1,2
64.0,2,1,1,2,28087.0,112.0,4970.0,77.0,53.0,8.0,17.0,13.0,0.0,21.0,2,2,2,3,0,7,0
35.0,4,0,0,0,74004.0,1658.0,4530.0,5.0,784.0,48.0,556.0,42.0,81.0,48.0,4,6,4,1,2,3,2
62.0,2,1,1,1,19740.0,55.0,4867.0,65.0,7.0,11.0,3.0,10.0,4.0,20.0,1,1,3,2,0,5,0
47.0,1,1,1,1,57036.0,1513.0,4970.0,33.0,1171.0,43.0,219.0,19.0,14.0,47.0,6,3,13,4,1,9,1
64.0,1,1,1,2,53083.0,271.0,4815.0,65.0,215.0,7.0,33.0,3.0,0.0,13.0,5,1,5,6,1,7,1
47.0,4,1,1,1,69283.0,904.0,4420.0,41.0,674.0,62.0,134.0,0.0,26.0,8.0,7,3,13,4,0,5,1
47.0,3,0,1,2,46098.0,120.0,5085.0,86.0,57.0,0.0,27.0,0.0,0.0,36.0,3,2,2,4,0,8,0
34.0,1,1,1,1,23331.0,103.0,5068.0,92.0,5.0,36.0,7.0,0.0,10.0,45.0,3,0,3,2,0,8,0
34.0,1,0,1,1,23331.0,269.0,5037.0,97.0,104.0,20.0,101.0,24.0,15.0,5.0,5,1,5,6,0,9,1
33.0,2,0,1,1,9255.0,22.0,4596.0,91.0,9.0,0.0,7.0,2.0,0.0,4.0,1,1,2,1,0,8,0
63.0,4,0,0,0,67786.0,1156.0,4609.0,0.0,431.0,81.0,441.0,80.0,20.0,102.0,3,6,6,1,0,1,2
51.0,4,1,1,1,71969.0,1086.0,5026.0,59.0,1000.0,0.0,76.0,0.0,0.0,10.0,3,4,9,3,1,8,1
55.0,3,0,1,1,59235.0,1128.0,4938.0,4.0,448.0,40.0,469.0,80.0,0.0,91.0,11,2,12,3,0,7,1
33.0,2,1,1,1,31928.0,72.0,4498.0,5.0,33.0,4.0,24.0,4.0,2.0,5.0,3,0,4,2,0,7,0
61.0,3,1,1,2,74881.0,964.0,4883.0,48.0,505.0,72.0,270.0,36.0,27.0,54.0,9,2,12,4,0,5,1
44.0,2,1,0,0,65819.0,1383.0,4982.0,99.0,267.0,38.0,556.0,120.5,81.0,63.0,5,4,10,1,0,3,2
69.0,4,0,1,3,51411.0,18.0,4804.0,81.0,14.0,0.0,3.0,0.0,0.0,1.0,0,0,3,1,0,5,0
58.0,2,0,1,1,51983.0,793.0,5072.0,95.0,631.0,0.0,115.0,10.0,7.0,30.0,9,2,10,3,0,7,1
36.0,3,1,1,1,42386.0,100.0,4937.0,43.0,65.0,4.0,16.0,0.0,4.0,11.0,3,0,3,1,0,8,0
35.0,1,1,0,0,30390.0,80.0,4705.0,5.0,10.0,12.0,12.0,25.0,1.0,20.0,2,0,3,1,0,6,0
59.0,2,0,0,0,30983.0,167.0,5002.0,50.0,51.0,4.0,50.0,12.0,1.0,49.0,4,0,3,1,0,8,0
65.0,2,0,1,1,66033.0,677.0,4930.0,76.0,293.0,35.0,179.0,46.0,59.0,65.0,8,3,7,2,0,7,1
47.0,1,1,1,2,37284.0,23.0,4862.0,46.0,11.0,1.0,2.0,2.0,1.0,6.0,0,0,3,1,0,6,0
71.0,3,0,1,1,57530.0,92.0,4665.0,68.0,50.0,1.0,27.0,6.0,7.0,1.0,1,1,4,1,0,1,0
57.0,1,1,0,0,76800.0,641.0,4518.0,33.0,173.0,26.0,255.0,35.0,71.0,81.0,4,4,7,1,0,1,2
66.0,2,1,1,1,63943.0,1106.0,5070.0,50.0,423.0,81.0,368.0,13.0,81.0,21.0,6,4,6,1,0,5,1
60.0,2,1,0,0,76081.0,1033.0,4442.0,85.0,292.0,30.0,415.0,63.0,33.0,126.5,4,5,4,1,1,2,2
48.0,2,1,1,1,67445.0,1174.0,5091.0,63.0,757.0,80.0,217.0,29.0,80.0,11.0,9,6,12,5,0,6,1
55.0,3,1,1,2,37054.0,25.0,4692.0,89.0,12.0,1.0,6.0,0.0,1.0,5.0,1,0,3,2,0,7,0
60.0,3,1,1,2,47175.0,240.0,5014.0,81.0,167.0,2.0,44.0,6.0,2.0,19.0,4,2,4,7,1,8,1
46.0,2,0,1,1,31859.0,20.0,4785.0,77.0,3.0,1.0,3.0,8.0,0.0,5.0,1,0,2,1,0,7,0
61.0,2,0,1,3,27215.0,102.0,4927.0,50.0,30.0,5.0,22.0,8.0,9.0,28.0,2,1,4,4,0,6,0
46.0,4,0,1,1,70179.0,1034.0,4748.0,10.0,532.0,81.0,168.0,69.0,44.0,126.5,7,3,13,3,0,5,1
39.0,2,1,1,1,39922.0,156.0,4905.0,30.0,29.0,12.0,59.0,19.0,1.0,36.0,3,0,4,2,0,8,0
46.0,3,1,1,2,49681.0,458.0,4642.0,66.0,411.0,0.0,26.0,0.0,0.0,21.0,7,1,7,6,0,7,1
34.0,2,1,1,1,24645.0,17.0,5010.0,16.0,5.0,3.0,4.0,4.0,1.0,0.0,1,0,2,1,0,8,0
68.0,2,0,1,1,79865.0,792.0,4416.0,12.0,71.0,81.0,278.0,120.5,81.0,38.0,5,10,5,1,0,1,2
37.0,2,1,1,1,44322.0,92.0,4418.0,30.0,46.0,0.0,40.0,3.0,0.0,3.0,3,0,3,2,0,8,0
70.0,2,0,1,1,47958.0,407.0,4931.0,8.0,268.0,11.0,88.0,15.0,3.0,22.0,6,3,5,2,0,5,1
58.0,3,0,1,1,63972.0,1269.0,4979.0,93.0,928.0,63.0,254.0,0.0,12.0,12.0,5,4,10,4,1,4,1
68.0,2,1,1,1,75315.0,841.0,4480.0,14.0,459.0,15.0,171.0,120.5,23.0,31.0,5,4,12,2,0,2,2
72.0,4,1,1,2,55517.0,633.0,5045.0,53.0,483.0,0.0,108.0,0.0,6.0,36.0,11,1,6,5,0,9,1
65.0,4,1,1,3,75283.0,1019.0,4864.0,26.0,733.0,9.0,180.0,12.0,19.0,66.0,6,3,5,11,0,4,1
76.0,4,0,0,0,82800.0,1315.0,4987.0,23.0,1006.0,22.0,115.0,59.0,68.0,45.0,7,6,12,1,2,3,2
68.0,2,1,1,2,38998.0,54.0,5008.0,92.0,34.0,1.0,14.0,0.0,0.0,5.0,2,0,3,3,0,8,0
31.0,3,0,0,0,90638.0,2510.625,4541.0,29.0,1156.0,81.0,556.0,94.0,81.0,96.0,3,4,10,1,1,1,2
36.0,3,1,1,1,27161.0,52.0,4649.0,41.0,7.0,4.0,23.0,7.0,0.0,11.0,1,0,3,1,0,7,0
45.0,2,1,1,1,42014.0,436.0,5086.0,56.0,244.0,15.0,108.0,4.0,15.0,50.0,7,1,6,6,0,8,1
62.0,4,1,1,1,38201.0,268.0,4862.0,19.0,233.0,0.0,23.0,0.0,0.0,12.0,5,1,5,4,0,8,0
40.0,2,1,1,2,45203.0,147.0,4503.0,4.0,35.0,3.0,67.0,10.0,8.0,24.0,3,1,3,1,0,6,0
75.0,4,1,0,0,81574.0,1798.0,4467.0,89.0,1225.0,0.0,465.0,46.0,35.0,0.0,4,5,8,1,2,1,2
30.0,2,1,0,0,34935.0,137.0,4778.0,71.0,34.0,4.0,66.0,3.0,10.0,20.0,2,1,4,1,0,7,0
46.0,3,0,1,1,60482.0,507.0,4927.0,81.0,255.0,43.0,134.0,37.0,14.0,24.0,7,2,7,1,0,7,1
66.0,2,1,1,3,34633.0,15.0,4562.0,31.0,8.0,1.0,5.0,0.0,0.0,1.0,1,0,2,1,0,6,0
75.0,3,1,0,0,78093.0,1105.0,4605.0,53.0,368.0,32.0,556.0,13.0,43.0,10.0,4,7,5,1,0,1,2
72.0,2,0,0,0,82460.0,974.0,4614.0,78.0,255.0,47.0,556.0,52.0,32.0,15.0,5,3,6,1,0,1,2
56.0,3,1,1,1,45903.0,66.0,4472.0,80.0,33.0,8.0,10.0,2.0,10.0,3.0,2,1,3,2,0,4,0
35.0,2,0,0,0,81361.0,778.0,4529.0,18.0,163.0,23.0,424.0,27.0,65.0,76.0,3,10,13,1,0,1,2
49.0,4,0,1,2,35860.0,49.0,4446.0,37.0,15.0,0.0,8.0,4.0,2.0,20.0,1,1,2,2,1,5,0
70.0,3,1,1,2,40442.0,169.0,5084.0,52.0,45.0,12.0,52.0,25.0,22.0,13.0,3,1,4,4,0,7,1
57.0,2,1,0,0,61482.0,299.0,4407.0,39.0,48.0,58.0,68.0,16.0,66.0,43.0,3,2,6,1,0,2,2
42.0,2,1,1,1,34968.0,221.0,4850.0,11.0,158.0,6.0,45.0,8.0,2.0,2.0,3,2,5,7,0,7,0
35.0,2,1,0,0,75794.0,1682.0,4592.0,33.0,754.0,81.0,556.0,63.0,32.0,48.0,7,5,12,1,1,3,2
60.0,4,1,1,1,31497.0,155.0,4975.0,22.0,108.0,1.0,28.0,13.0,1.0,4.0,3,1,4,2,0,8,0
67.0,2,1,0,0,74268.0,892.0,4905.0,83.0,199.0,66.0,315.0,97.0,81.0,41.0,4,3,5,1,0,2,2
34.0,0,1,1,1,13724.0,58.0,5072.0,43.0,2.0,7.0,5.0,2.0,15.0,27.0,2,0,2,1,1,9,0
57.0,3,1,1,1,45143.0,311.0,4712.0,74.0,202.0,5.0,74.0,11.0,5.0,14.0,6,1,5,3,0,7,1
55.0,4,0,1,1,52569.0,95.0,4490.0,54.0,85.0,0.0,3.0,0.0,0.0,7.0,2,0,4,1,0,3,0
49.0,4,0,1,1,48432.0,424.0,5024.0,3.0,322.0,3.0,50.0,4.0,3.0,42.0,7,1,6,5,0,8,1
62.0,3,1,1,2,17144.0,47.0,4539.0,96.0,18.0,2.0,19.0,0.0,2.0,6.0,3,0,4,5,0,7,0
38.0,2,0,1,1,36108.0,339.0,4662.0,68.0,141.0,8.0,129.0,3.0,11.0,47.0,7,1,4,3,1,9,1
51.0,2,1,1,1,76445.0,1410.0,5044.0,2.0,739.0,81.0,309.0,120.5,80.0,35.0,2,5,13,1,0,6,2
47.0,4,1,1,1,36663.0,35.0,4470.0,40.0,18.0,0.0,6.0,3.0,3.0,5.0,1,1,3,1,0,2,0
57.0,3,1,1,1,53843.0,562.0,4772.0,64.0,378.0,0.0,88.0,19.0,4.0,73.0,8,5,3,4,0,7,1
66.0,3,1,0,0,90226.0,2352.0,5046.0,26.0,1083.0,81.0,556.0,120.5,81.0,108.0,4,7,12,1,1,2,2
67.0,3,0,0,0,70638.0,1334.0,4798.0,69.0,1016.0,12.0,215.0,16.0,12.0,63.0,4,5,10,1,1,3,2
62.0,2,1,1,2,44512.0,32.0,4708.0,57.0,23.0,1.0,6.0,0.0,0.0,2.0,1,0,3,2,0,4,0
61.0,2,1,1,2,27116.0,41.0,4524.0,78.0,12.0,1.0,21.0,2.0,2.0,3.0,2,0,3,2,0,7,0
59.0,4,1,1,2,54072.0,39.0,4742.0,71.0,35.0,0.0,4.0,0.0,0.0,0.0,2,0,2,1,0,8,0
45.0,2,1,1,1,71855.0,1141.0,4934.0,59.0,548.0,31.0,422.0,0.0,81.0,28.0,5,5,11,4,0,3,1
32.0,1,0,1,1,51250.0,710.0,4861.0,28.0,342.0,32.0,230.0,34.0,32.0,40.0,10,5,4,5,1,9,1
49.0,3,1,1,1,60432.0,401.0,4517.0,61.0,365.0,3.0,15.0,4.0,3.0,11.0,7,2,5,5,0,6,1
58.0,4,1,1,1,65526.0,506.0,4484.0,22.0,397.0,19.0,69.0,12.0,0.0,9.0,4,4,8,1,0,2,1
34.0,2,0,0,0,68655.0,1538.0,5093.0,95.0,456.0,19.0,556.0,75.0,81.0,38.0,4,5,11,1,0,3,2
44.0,1,1,0,0,12393.0,57.0,4977.0,38.0,5.0,6.0,15.0,11.0,7.0,13.0,2,0,3,1,0,9,0
32.0,2,0,0,0,64509.0,1722.0,4721.0,19.0,836.0,81.0,556.0,24.0,25.0,77.0,6,3,9,1,1,4,2
47.0,2,0,1,1,33955.0,270.0,4729.0,92.0,100.0,2.0,128.0,23.0,7.0,10.0,5,1,5,4,0,8,1
45.0,2,1,1,2,31353.0,31.0,4587.0,24.0,10.0,0.0,10.0,3.0,1.0,7.0,1,1,2,2,0,8,0
38.0,2,1,1,1,55434.0,882.0,4672.0,21.0,238.0,81.0,215.0,120.5,69.0,76.0,5,3,13,3,0,4,2
39.0,2,1,1,1,28359.0,16.0,4650.0,35.0,6.0,0.0,5.0,2.0,1.0,2.0,1,0,2,1,0,7,0
35.0,2,0,1,1,57100.0,311.0,4447.0,9.0,158.0,11.0,99.0,15.0,11.0,17.0,3,2,7,2,0,3,1
57.0,2,1,1,1,69139.0,227.0,4558.0,23.0,86.0,12.0,75.0,33.0,15.0,6.0,4,1,5,1,0,4,1
66.0,3,1,1,1,52973.0,1152.0,5003.0,92.0,856.0,0.0,76.0,12.0,9.0,126.5,9,6,9,7,0,8,1
57.0,4,1,1,1,51717.0,122.0,4718.0,55.0,98.0,1.0,17.0,0.0,1.0,5.0,3,0,4,1,1,7,0
51.0,2,1,1,1,18793.0,77.0,4938.0,14.0,4.0,16.0,20.0,0.0,17.0,20.0,2,0,4,3,0,8,0
40.0,1,1,0,0,66664.0,1289.0,5047.0,78.0,398.0,81.0,447.0,120.5,81.0,32.0,5,7,6,1,0,3,2
63.0,2,0,1,2,50664.0,561.0,4934.0,64.0,313.0,8.0,104.0,6.0,4.0,126.0,8,1,6,9,0,9,1
59.0,2,1,1,2,54414.0,211.0,4927.0,49.0,109.0,18.0,16.0,24.0,26.0,18.0,3,1,5,4,0,4,1
70.0,4,1,1,1,54549.0,233.0,4523.0,8.0,216.0,2.0,6.0,0.0,0.0,9.0,5,1,4,2,0,7,0
51.0,4,0,1,1,47111.0,1092.0,5064.0,35.0,595.0,71.0,153.0,120.0,81.0,41.0,3,2,10,6,0,9,1
59.0,4,0,0,0,41003.0,601.0,4874.0,11.0,123.0,81.0,142.0,71.0,44.0,88.0,6,2,8,1,0,6,2
40.0,2,1,1,1,19444.0,54.0,4532.0,8.0,16.0,0.0,23.0,3.0,2.0,10.0,4,1,2,3,0,7,0
46.0,1,1,1,1,36301.0,78.0,4652.0,53.0,11.0,12.0,35.0,3.0,5.0,12.0,3,0,3,1,0,7,0
75.0,4,1,1,1,73059.0,1095.0,4707.0,36.0,410.0,81.0,420.0,0.0,81.0,71.0,9,3,13,1,0,4,1
53.0,4,1,1,1,42731.0,244.0,4656.0,64.0,159.0,2.0,51.0,6.0,2.0,24.0,4,1,5,3,0,5,0
63.0,4,1,1,2,52854.0,116.0,4502.0,43.0,105.0,0.0,10.0,0.0,1.0,0.0,2,1,4,2,0,5,0
44.0,2,1,1,1,22775.0,15.0,4780.0,40.0,5.0,1.0,8.0,0.0,0.0,1.0,1,0,2,1,0,8,0
74.0,4,1,1,2,46681.0,425.0,4669.0,52.0,269.0,15.0,69.0,15.0,19.0,38.0,4,6,4,2,0,5,1
67.0,4,1,1,1,59821.0,734.0,4848.0,11.0,629.0,0.0,70.0,0.0,0.0,35.0,11,2,7,6,0,8,1
68.0,2,0,1,1,50002.0,638.0,4782.0,21.0,443.0,5.0,71.0,21.0,16.0,82.0,8,2,7,2,0,7,1
77.0,2,1,0,0,69755.0,894.0,4675.0,23.0,217.0,77.0,373.0,111.0,23.0,93.0,3,6,12,1,0,1,2
53.0,2,1,1,2,44078.0,41.0,4415.0,17.0,24.0,1.0,10.0,2.0,0.0,4.0,2,0,3,2,0,5,0
46.0,3,1,1,1,30560.0,31.0,4772.0,6.0,9.0,1.0,5.0,4.0,5.0,7.0,1,0,3,1,0,7,0
53.0,3,1,1,2,35924.0,34.0,4503.0,56.0,8.0,0.0,14.0,2.0,3.0,7.0,1,0,3,1,0,5,0
58.0,4,0,1,2,64140.0,1750.0,4684.0,71.0,1225.0,0.0,61.0,0.0,15.0,126.5,2,5,6,5,3,5,1
41.0,2,1,1,2,56386.0,612.0,5015.0,51.0,230.0,48.0,214.0,13.0,32.0,75.0,9,1,7,8,0,9,1
43.0,0,1,1,1,24594.0,29.0,4606.0,94.0,1.0,3.0,6.0,10.0,0.0,9.0,1,0,3,1,0,5,0
41.0,1,1,1,1,75774.0,823.0,4463.0,27.0,340.0,21.0,134.0,120.5,14.0,56.0,7,5,8,1,0,4,2
62.0,3,0,0,0,39228.0,20.0,4820.0,1.0,7.0,1.0,6.0,0.0,3.0,3.0,0,0,3,1,0,4,0
48.0,3,1,1,1,58494.0,396.0,4604.0,56.0,298.0,7.0,68.0,4.0,0.0,19.0,6,2,6,2,0,6,1
41.0,2,0,0,0,58684.0,813.0,4418.0,71.0,479.0,35.0,179.0,28.0,7.0,85.0,5,3,12,1,1,2,2
55.0,2,0,0,0,57136.0,1179.0,4812.0,18.0,267.0,81.0,556.0,34.0,12.0,126.5,7,5,7,1,0,6,2
72.0,4,0,1,2,56551.0,138.0,4458.0,48.0,67.0,4.0,32.0,17.0,2.0,16.0,2,1,4,3,0,4,0
40.0,2,1,1,1,22448.0,55.0,4528.0,86.0,3.0,1.0,8.0,23.0,2.0,18.0,2,1,3,3,0,3,0
61.0,2,0,0,0,82014.0,1511.0,5083.0,48.0,980.0,37.0,265.0,35.0,81.0,31.0,3,6,12,1,0,6,2
59.0,2,0,1,2,34213.0,117.0,5065.0,2.0,50.0,4.0,28.0,6.0,3.0,26.0,3,1,2,3,0,9,0
45.0,2,1,0,0,117416.25,1730.0,4831.0,13.0,1.0,0.0,556.0,2.0,1.0,1.0,0,28,0,0,0,1,2
75.0,4,0,1,1,25358.0,32.0,4747.0,57.0,19.0,0.0,5.0,0.0,0.0,8.0,1,0,3,2,0,6,0
44.0,3,0,1,1,35544.0,67.0,4518.0,77.0,30.0,5.0,23.0,4.0,1.0,4.0,2,0,3,1,0,7,0
68.0,3,1,1,1,36634.0,335.0,4802.0,0.0,213.0,9.0,76.0,4.0,3.0,30.0,5,2,5,3,0,7,1
68.0,4,1,1,1,62670.0,825.0,4552.0,57.0,539.0,30.0,92.0,80.0,46.0,38.0,5,3,13,1,0,3,2
50.0,1,1,1,1,50334.0,694.0,4745.0,24.0,284.0,16.0,160.0,84.0,16.0,126.5,7,4,6,6,0,6,1
41.0,2,0,0,0,72066.0,1792.0,4411.0,55.0,1003.0,34.0,536.0,120.5,51.0,34.0,4,6,6,1,2,2,2
64.0,4,0,1,2,50729.0,496.0,4828.0,62.0,239.0,13.0,143.0,45.0,4.0,52.0,6,2,7,9,0,6,1
54.0,2,1,1,2,34916.0,231.0,4815.0,89.0,51.0,23.0,82.0,33.0,0.0,42.0,5,1,3,4,0,9,1
46.0,2,0,1,1,64892.0,902.0,4436.0,77.0,527.0,24.0,230.0,32.0,24.0,65.0,6,4,12,2,0,4,2
56.0,2,0,1,2,43602.0,68.0,4575.0,45.0,19.0,5.0,12.0,10.0,3.0,19.0,3,1,2,3,0,6,0
33.0,4,0,0,0,33996.0,71.0,4696.0,46.0,40.0,2.0,15.0,8.0,0.0,6.0,1,1,3,1,0,4,0
37.0,1,0,1,1,41473.0,76.0,4780.0,80.0,21.0,8.0,20.0,15.0,3.0,9.0,2,0,3,1,0,7,0
55.0,4,1,1,2,63246.0,772.0,4718.0,60.0,593.0,30.0,91.0,29.0,22.0,7.0,6,3,12,1,0,4,1
63.0,4,1,1,2,36732.0,47.0,4587.0,71.0,21.0,5.0,3.0,10.0,1.0,7.0,1,1,4,3,0,2,0
52.0,4,1,1,1,69084.0,1586.0,4627.0,43.0,1181.0,81.0,199.0,39.0,30.0,30.0,7,3,13,2,0,8,1
55.0,4,1,1,1,77766.0,1529.0,4897.0,97.0,1004.0,59.0,265.0,115.0,59.0,27.0,11,10,11,2,1,6,2
37.0,4,0,0,0,37929.0,265.0,4739.0,49.0,202.0,2.0,46.0,3.0,2.0,10.0,4,2,5,2,2,7,0
71.0,2,1,0,0,86610.0,1603.0,4702.0,66.0,446.0,81.0,556.0,33.0,81.0,53.0,5,6,6,1,0,2,2
36.0,3,1,0,0,80141.0,2091.0,4939.0,20.0,1184.0,81.0,556.0,52.0,40.0,40.0,7,4,10,1,1,6,2
67.0,1,1,0,0,72635.0,981.0,4796.0,54.0,390.0,22.0,323.0,104.0,35.0,107.0,6,8,6,1,1,3,2
52.0,2,1,1,1,69016.0,1533.0,4989.0,61.0,726.0,53.0,363.0,120.5,81.0,126.5,8,9,13,4,0,5,2
31.0,1,1,0,0,20193.0,82.0,4983.0,18.0,8.0,8.0,22.0,24.0,11.0,9.0,1,1,4,1,0,4,0
47.0,2,1,1,1,27573.0,244.0,4866.0,45.0,50.0,15.0,110.0,39.0,15.0,15.0,5,1,4,4,0,8,1
43.0,0,0,1,1,15862.0,36.0,4772.0,26.0,1.0,1.0,4.0,11.0,9.0,10.0,1,0,3,1,0,8,0
46.0,4,1,1,1,49544.0,404.0,4907.0,0.0,308.0,0.0,73.0,0.0,0.0,23.0,5,1,8,2,0,7,1
42.0,2,1,1,1,33228.0,71.0,4562.0,28.0,22.0,2.0,31.0,7.0,4.0,5.0,2,0,3,1,0,7,0
44.0,2,1,0,0,70440.0,1572.0,4669.0,49.0,690.0,81.0,499.0,76.0,81.0,88.0,5,10,7,1,1,3,2
51.0,2,1,1,2,38232.0,122.0,4568.0,84.0,43.0,5.0,28.0,7.0,6.0,33.0,3,1,3,4,0,5,0
67.0,4,1,1,2,22554.0,41.0,5008.0,38.0,27.0,0.0,10.0,0.0,0.0,4.0,2,0,4,4,0,5,0
39.0,4,1,1,1,23536.0,10.0,4430.0,53.0,6.0,0.0,3.0,0.0,0.0,1.0,0,0,3,1,0,3,0
70.0,2,1,1,1,49413.0,304.0,4652.0,88.0,205.0,7.0,41.0,3.0,2.0,46.0,4,2,5,2,0,5,1
53.0,2,1,1,2,42231.0,37.0,4501.0,99.0,24.0,0.0,8.0,0.0,1.0,4.0,1,0,3,1,0,5,0
42.0,3,0,0,0,78789.0,1754.0,5095.0,12.0,667.0,50.0,556.0,21.0,81.0,83.0,4,6,5,1,0,2,2
54.0,2,1,1,1,56534.0,815.0,4746.0,35.0,691.0,7.0,61.0,10.0,0.0,46.0,10,4,7,4,2,8,1
51.0,2,0,1,1,58350.0,1001.0,4946.0,5.0,493.0,26.0,206.0,116.0,80.0,80.0,8,3,12,4,0,6,1
33.0,2,0,0,0,81217.0,1157.0,4750.0,77.0,493.0,70.0,324.0,120.5,40.0,84.0,3,7,11,1,0,1,2
71.0,2,0,1,1,49090.0,688.0,4750.0,45.0,494.0,5.0,82.0,7.0,0.0,100.0,7,2,9,3,0,7,1
35.0,3,0,0,0,61787.0,1319.0,4763.0,71.0,621.0,73.0,414.0,78.0,48.0,85.0,8,4,6,1,0,5,2
37.0,4,1,1,1,18169.0,21.0,4900.0,40.0,9.0,0.0,5.0,0.0,0.0,7.0,1,0,2,1,0,8,0
41.0,1,0,1,1,24336.0,31.0,5076.0,82.0,1.0,6.0,2.0,8.0,2.0,12.0,1,0,2,1,0,7,0
32.0,2,1,0,0,18222.0,67.0,4950.0,70.0,12.0,4.0,19.0,12.0,6.0,14.0,2,0,3,1,0,8,0
70.0,2,0,1,1,62335.0,708.0,4807.0,87.0,243.0,81.0,217.0,85.0,6.0,26.0,3,3,13,2,0,2,1
51.0,1,1,1,2,42033.0,25.0,5053.0,95.0,11.0,1.0,4.0,2.0,0.0,7.0,1,0,2,1,0,7,0
39.0,4,1,0,0,86580.0,746.0,4892.0,72.0,532.0,21.0,127.0,26.0,20.0,20.0,4,2,5,0,1,1,2
65.0,4,0,1,2,41437.0,32.0,5050.0,5.0,29.0,0.0,2.0,0.0,0.0,1.0,1,0,3,1,0,7,0
71.0,3,0,1,2,73705.0,1695.0,4521.0,86.0,612.0,81.0,520.0,120.5,81.0,107.0,9,6,8,2,0,5,1
46.0,2,1,1,1,61064.0,1080.0,5072.0,80.0,387.0,81.0,342.0,0.0,45.0,126.5,8,4,11,5,0,6,1
67.0,3,1,1,2,38452.0,72.0,4496.0,62.0,56.0,0.0,14.0,0.0,0.0,2.0,3,0,3,3,0,7,0
33.0,2,0,1,1,18358.0,57.0,4626.0,49.0,6.0,8.0,19.0,16.0,4.0,4.0,3,0,4,3,0,7,0
49.0,4,1,1,1,55012.0,660.0,4505.0,85.0,582.0,0.0,65.0,0.0,0.0,13.0,8,2,9,6,0,5,1
49.0,0,1,1,1,9722.0,103.0,5040.0,7.0,6.0,17.0,16.0,6.0,16.0,42.0,3,1,3,4,0,8,0
38.0,4,1,1,1,38175.0,153.0,4684.0,6.0,70.0,6.0,69.0,2.0,3.0,3.0,3,1,4,3,0,7,0
66.0,3,1,1,1,58656.0,1220.0,5052.0,25.0,962.0,12.0,194.0,16.0,24.0,12.0,7,8,13,4,1,6,1
57.0,2,1,1,1,52117.0,279.0,5087.0,55.0,112.0,10.0,107.0,30.0,0.0,20.0,5,2,4,2,0,7,1
44.0,2,1,1,1,64813.0,745.0,4583.0,81.0,293.0,0.0,124.0,120.5,81.0,52.0,7,2,10,1,0,5,1
49.0,4,1,1,1,54222.0,264.0,4525.0,98.0,199.0,12.0,31.0,3.0,12.0,7.0,3,3,5,1,0,3,0
36.0,2,1,0,0,83512.0,2157.0,4417.0,31.0,1060.0,61.0,556.0,80.0,20.0,101.0,4,7,10,1,4,1,2
63.0,3,1,1,1,77520.0,1526.0,4710.0,30.0,940.0,44.0,396.0,0.0,81.0,58.0,8,7,7,1,3,4,2
44.0,2,1,1,1,41154.0,69.0,4851.0,98.0,44.0,2.0,11.0,2.0,3.0,7.0,1,0,4,1,0,5,0
56.0,2,1,0,0,80398.0,1597.0,5001.0,92.0,342.0,51.0,556.0,120.5,35.0,26.0,5,8,12,1,1,3,2
30.0,0,0,1,1,18746.0,64.0,4436.0,41.0,2.0,10.0,11.0,12.0,9.0,20.0,3,0,3,2,0,6,0
38.0,2,1,1,1,35196.0,497.0,4998.0,68.0,75.0,12.0,141.0,43.0,39.0,126.5,6,1,5,6,0,8,1
66.0,2,0,1,1,60230.0,1067.0,4810.0,78.0,520.0,20.0,367.0,39.0,81.0,40.0,6,3,6,2,0,5,1
45.0,2,1,1,2,22108.0,31.0,4457.0,46.0,5.0,3.0,9.0,6.0,2.0,6.0,2,0,3,2,0,7,0
48.0,2,1,1,2,44392.0,211.0,4702.0,71.0,87.0,5.0,71.0,7.0,12.0,29.0,4,1,4,5,0,7,1
46.0,4,1,1,1,55424.0,877.0,4986.0,6.0,462.0,61.0,184.0,10.0,53.0,107.0,7,5,9,4,1,6,1
43.0,2,1,1,1,17688.0,11.0,4937.0,82.0,2.0,2.0,1.0,3.0,1.0,2.0,1,0,2,1,0,8,0
39.0,4,1,0,0,92491.0,2034.0,4829.0,71.0,979.0,44.0,556.0,29.0,25.0,22.0,7,5,12,1,3,3,2
31.0,2,0,0,0,90273.0,1991.0,4602.0,32.0,704.0,81.0,556.0,120.0,74.0,111.0,5,6,7,1,3,2,2
60.0,4,0,0,0,82571.0,1686.0,4493.0,28.0,861.0,31.0,556.0,62.0,81.0,79.0,6,5,13,0,1,2,2
40.0,4,0,1,1,38513.0,324.0,4557.0,20.0,172.0,3.0,115.0,16.0,0.0,18.0,6,1,5,5,0,8,1
43.0,3,0,1,1,16653.0,69.0,4477.0,10.0,5.0,7.0,31.0,15.0,4.0,7.0,2,1,3,3,0,6,0
67.0,2,1,1,2,42586.0,252.0,5013.0,7.0,194.0,2.0,56.0,0.0,0.0,0.0,4,1,6,5,0,8,0
57.0,0,0,1,1,23529.0,54.0,4943.0,67.0,9.0,7.0,13.0,3.0,2.0,20.0,1,1,2,1,0,6,0
61.0,3,1,1,2,74881.0,964.0,4883.0,48.0,505.0,72.0,270.0,36.0,27.0,54.0,9,2,12,4,0,5,1
71.0,2,1,1,1,71107.0,1327.0,4902.0,61.0,533.0,10.0,217.0,120.5,81.0,126.5,7,6,13,2,0,4,2
58.0,4,1,1,2,46910.0,68.0,4503.0,36.0,48.0,0.0,14.0,0.0,0.0,6.0,2,0,3,2,0,6,0
63.0,2,1,0,0,18690.0,60.0,4953.0,77.0,6.0,1.0,7.0,23.0,4.0,19.0,1,1,2,1,0,8,0
67.0,2,0,1,2,37244.0,55.0,4833.0,90.0,18.0,2.0,10.0,0.0,0.0,25.0,1,1,2,1,1,7,0
56.0,2,1,0,0,82427.0,1456.0,4514.0,35.0,482.0,81.0,509.0,104.0,81.0,107.0,3,5,12,1,1,1,2
64.0,1,0,1,1,75342.0,563.0,4824.0,38.0,204.0,81.0,97.0,21.0,81.0,26.0,5,2,10,1,0,4,1
68.0,2,0,1,1,70044.0,1504.0,4901.0,46.0,1073.0,0.0,250.0,120.5,14.0,14.0,7,10,5,4,0,5,1
55.0,2,0,1,2,79146.0,564.0,4471.0,33.0,245.0,16.0,223.0,21.0,43.0,16.0,8,1,8,2,0,6,1
59.0,2,1,0,0,77437.0,1125.0,4620.0,70.0,560.0,21.0,442.0,29.0,44.0,29.0,4,5,13,1,1,1,2
63.0,2,1,1,1,54984.0,358.0,4441.0,51.0,173.0,13.0,131.0,32.0,3.0,6.0,6,1,6,4,1,7,1
51.0,4,1,1,1,42403.0,42.0,4605.0,18.0,22.0,1.0,11.0,0.0,5.0,3.0,1,0,3,1,0,8,0
58.0,2,1,1,1,55761.0,184.0,4471.0,97.0,136.0,1.0,12.0,0.0,3.0,32.0,4,1,3,2,1,6,0
39.0,2,1,1,1,37292.0,460.0,4842.0,32.0,275.0,0.0,86.0,10.0,23.0,66.0,6,3,5,5,0,8,1
77.0,4,0,0,0,45576.0,145.0,4437.0,9.0,56.0,19.0,29.0,2.0,14.0,25.0,3,1,3,1,0,8,0
75.0,2,1,0,0,70321.0,1376.0,4934.0,6.0,303.0,23.0,556.0,82.0,26.0,126.5,6,5,13,1,0,4,2
53.0,4,0,1,1,58086.0,792.0,4930.0,80.0,708.0,7.0,62.0,0.0,0.0,15.0,11,3,7,2,0,8,1
70.0,2,1,0,0,81795.0,1382.0,5016.0,74.0,324.0,81.0,556.0,27.0,81.0,88.0,4,11,7,1,0,2,2
75.0,0,1,0,0,28389.0,28.0,4991.0,49.0,1.0,5.0,3.0,7.0,4.0,8.0,1,0,2,1,0,7,0
76.0,3,1,0,0,66835.0,1033.0,4679.0,21.0,620.0,26.0,195.0,34.0,17.0,126.5,6,4,13,1,0,2,2
53.0,2,0,1,1,69901.0,882.0,4801.0,95.0,312.0,21.0,206.0,102.0,81.0,126.5,7,3,10,3,0,5,1
73.0,4,1,0,0,80360.0,2231.0,4888.0,56.0,1225.0,81.0,454.0,112.0,43.0,43.0,4,4,5,2,3,2,2
61.0,4,1,1,1,63342.0,1101.0,5026.0,48.0,918.0,21.0,118.0,13.0,10.0,21.0,8,3,5,3,1,6,1
48.0,2,1,1,1,44989.0,369.0,5060.0,26.0,98.0,0.0,106.0,49.0,10.0,106.0,5,1,5,5,0,6,1
42.0,1,0,1,1,31859.0,48.0,4527.0,3.0,3.0,4.0,7.0,15.0,8.0,11.0,1,0,3,1,0,7,0
73.0,4,0,1,1,51569.0,467.0,4907.0,39.0,380.0,0.0,47.0,6.0,0.0,34.0,7,1,7,4,1,8,1
51.0,2,0,1,2,30372.0,44.0,4956.0,33.0,15.0,0.0,12.0,7.0,3.0,7.0,2,0,3,3,0,7,0
43.0,0,0,1,2,16014.0,38.0,4874.0,42.0,3.0,9.0,4.0,7.0,8.0,7.0,1,1,4,4,0,3,0
54.0,2,1,1,2,41120.0,81.0,4640.0,80.0,24.0,2.0,23.0,0.0,8.0,24.0,2,1,3,3,0,6,0
51.0,3,0,1,1,39763.0,167.0,4734.0,9.0,80.0,1.0,60.0,4.0,6.0,16.0,5,1,2,2,0,9,0
67.0,4,1,1,2,38725.0,45.0,4455.0,52.0,31.0,0.0,6.0,2.0,1.0,5.0,1,0,4,2,0,4,0
50.0,2,1,1,1,77981.0,664.0,4804.0,78.0,138.0,81.0,204.0,16.0,81.0,60.0,7,4,7,3,0,5,1
58.0,1,1,1,1,62905.0,622.0,4697.0,68.0,166.0,75.0,96.0,119.0,81.0,59.0,7,2,8,3,0,4,1
43.0,1,0,1,1,13533.0,48.0,4881.0,45.0,12.0,3.0,8.0,8.0,0.0,17.0,2,0,3,2,0,7,0
47.0,2,1,1,1,59481.0,461.0,4654.0,47.0,178.0,3.0,85.0,71.0,66.0,58.0,3,3,8,2,0,2,1
45.0,2,1,1,1,72117.0,1073.0,4718.0,34.0,707.0,20.0,171.0,65.0,60.0,50.0,9,7,9,1,0,5,2
36.0,1,1,1,1,21955.0,55.0,4700.0,81.0,5.0,1.0,7.0,17.0,14.0,11.0,2,1,3,2,0,6,0
66.0,2,1,1,1,67131.0,976.0,4865.0,72.0,465.0,71.0,250.0,93.0,35.0,62.0,9,2,12,3,0,6,1
42.0,4,0,1,1,36802.0,20.0,4418.0,23.0,16.0,1.0,2.0,0.0,0.0,1.0,1,0,3,1,0,5,0
40.0,2,1,0,0,71853.0,1149.0,4822.0,29.0,358.0,81.0,413.0,120.5,81.0,32.0,2,8,6,1,0,1,2
61.0,0,1,0,0,28249.0,43.0,4419.0,80.0,1.0,9.0,7.0,2.0,14.0,10.0,2,0,3,1,0,6,0
47.0,3,1,1,1,47808.0,224.0,4657.0,30.0,123.0,1.0,26.0,2.0,0.0,72.0,3,2,3,2,1,7,0
48.0,4,0,1,1,25509.0,101.0,5054.0,15.0,40.0,3.0,30.0,10.0,7.0,11.0,3,0,3,3,0,9,0
76.0,4,1,0,0,51012.0,209.0,4842.0,86.0,102.0,9.0,63.0,2.0,9.0,24.0,4,1,4,1,0,6,1
37.0,2,0,0,0,70596.0,968.0,5037.0,68.0,347.0,44.0,534.0,17.0,0.0,26.0,3,5,12,1,0,2,2
70.0,4,1,0,0,85431.0,1165.0,4791.0,54.0,376.0,53.0,462.0,120.5,53.0,53.0,2,7,7,1,0,0,2
55.0,2,1,1,1,42664.0,24.0,4508.0,44.0,21.0,0.0,3.0,0.0,0.0,0.0,1,0,3,1,0,6,0
67.0,2,1,1,2,42586.0,252.0,5013.0,7.0,194.0,2.0,56.0,0.0,0.0,0.0,4,1,6,5,0,8,0
37.0,2,0,1,1,29760.0,165.0,5074.0,87.0,64.0,4.0,68.0,7.0,5.0,17.0,3,1,4,4,0,8,0
45.0,4,1,0,0,28973.0,269.0,5029.0,59.0,206.0,0.0,46.0,3.0,2.0,12.0,5,1,5,2,0,8,0
49.0,4,1,1,1,39435.0,102.0,4732.0,16.0,71.0,0.0,18.0,0.0,0.0,13.0,3,1,2,1,0,7,0
38.0,1,1,0,0,65370.0,461.0,4737.0,1.0,71.0,22.0,112.0,120.5,81.0,29.0,2,3,13,1,0,1,2
43.0,0,0,1,1,20194.0,47.0,4964.0,64.0,0.0,4.0,7.0,11.0,10.0,15.0,2,0,3,2,0,6,0
46.0,4,0,1,2,42473.0,144.0,4537.0,72.0,93.0,1.0,21.0,0.0,4.0,25.0,2,1,4,3,0,5,0
54.0,2,1,0,0,64590.0,1338.0,5028.0,98.0,920.0,81.0,168.0,36.0,46.0,30.0,9,4,10,1,0,6,2
63.0,2,1,1,1,71232.0,917.0,4618.0,91.0,653.0,17.0,170.0,34.0,26.0,17.0,11,2,10,2,0,7,1
51.0,2,1,1,2,34600.0,318.0,4949.0,8.0,199.0,33.0,60.0,8.0,3.0,15.0,5,2,5,5,0,8,1
55.0,2,0,1,2,46904.0,253.0,5008.0,20.0,153.0,4.0,56.0,0.0,9.0,31.0,5,1,4,4,0,8,1
49.0,2,1,1,1,49094.0,502.0,5051.0,6.0,376.0,0.0,38.0,11.0,8.0,69.0,6,3,6,5,0,6,1
39.0,2,1,1,1,36075.0,119.0,4607.0,54.0,46.0,0.0,30.0,12.0,1.0,30.0,2,0,4,1,0,6,0
43.0,1,1,1,2,60839.0,1250.0,5075.0,72.0,600.0,21.0,128.0,120.5,81.0,126.5,2,2,12,13,0,8,1
43.0,2,1,1,1,77298.0,969.0,4644.0,46.0,425.0,81.0,292.0,23.0,35.0,79.0,6,6,11,1,0,3,2
72.0,2,1,1,2,34026.0,76.0,4733.0,11.0,18.0,6.0,15.0,12.0,8.0,17.0,2,1,3,3,0,5,0
59.0,4,0,1,2,48918.0,62.0,4483.0,21.0,52.0,0.0,9.0,0.0,0.0,1.0,1,0,4,2,0,4,0
60.0,1,1,0,0,82122.0,1382.0,4723.0,89.0,734.0,22.0,350.0,120.5,25.0,100.0,3,9,13,1,1,1,2
46.0,2,0,1,1,37697.0,84.0,4547.0,82.0,34.0,6.0,21.0,11.0,4.0,8.0,2,1,3,1,0,6,0
70.0,2,1,1,2,34074.0,255.0,4756.0,69.0,135.0,1.0,41.0,10.0,1.0,67.0,3,3,3,5,1,6,1
62.0,3,1,1,2,28520.0,43.0,4785.0,55.0,11.0,0.0,10.0,0.0,2.0,20.0,1,1,2,1,0,6,0
67.0,2,0,1,1,62535.0,398.0,4674.0,13.0,163.0,48.0,90.0,0.0,45.0,52.0,3,2,8,1,0,3,1
45.0,3,0,1,1,36273.0,76.0,4479.0,80.0,29.0,3.0,30.0,3.0,2.0,9.0,3,0,3,2,0,6,0
58.0,2,1,1,2,63404.0,902.0,4428.0,97.0,734.0,26.0,70.0,11.0,44.0,17.0,6,3,4,2,1,4,1
41.0,1,1,1,1,75774.0,823.0,4463.0,27.0,340.0,21.0,134.0,120.5,14.0,56.0,7,5,8,1,0,4,2
46.0,2,1,1,1,78416.0,1179.0,4407.0,99.0,453.0,38.0,279.0,120.5,38.0,126.5,7,7,10,2,0,3,2
48.0,2,1,1,1,75702.0,1921.0,5028.0,87.0,1073.0,0.0,556.0,120.5,37.0,37.0,10,5,13,1,1,6,1
71.0,3,1,1,2,59385.0,185.0,4832.0,85.0,135.0,0.0,10.0,0.0,4.0,36.0,3,1,4,2,0,5,0
56.0,2,0,1,2,37070.0,433.0,4871.0,30.0,231.0,7.0,137.0,4.0,15.0,39.0,5,1,8,9,0,7,1
71.0,2,1,1,2,44689.0,34.0,4575.0,82.0,18.0,0.0,5.0,0.0,0.0,11.0,1,1,2,2,1,7,0
64.0,2,1,1,1,53977.0,907.0,4791.0,21.0,620.0,16.0,165.0,0.0,24.0,82.0,5,5,12,5,0,5,1
56.0,4,0,1,2,7144.0,416.0,4609.0,92.0,81.0,4.0,33.0,5.0,2.0,126.5,23,1,1,0,0,0,1
58.0,2,0,1,2,18701.0,44.0,4795.0,95.0,12.0,4.0,2.0,10.0,6.0,10.0,2,0,4,4,0,5,0
66.0,2,1,0,0,90369.0,1588.0,4467.0,2.0,292.0,51.0,556.0,120.5,23.0,17.0,4,6,6,1,0,1,2
48.0,4,0,0,0,63159.0,1797.0,5006.0,74.0,965.0,34.0,556.0,89.0,81.0,37.0,3,5,8,1,1,3,2
56.0,2,1,1,2,37758.0,40.0,5038.0,49.0,27.0,2.0,10.0,0.0,0.0,1.0,1,0,3,2,0,8,0
59.0,4,0,1,1,46757.0,1143.0,4995.0,71.0,777.0,30.0,163.0,0.0,51.0,122.0,4,4,7,6,0,9,1
53.0,3,1,0,0,79734.0,914.0,4406.0,72.0,572.0,8.0,232.0,23.0,62.0,17.0,4,3,6,1,1,1,2
30.0,2,1,0,0,63207.0,1502.0,4930.0,68.0,438.0,81.0,556.0,91.0,81.0,70.0,2,3,6,1,1,7,2
68.0,2,0,1,1,72071.0,1338.0,4905.0,4.0,531.0,69.0,300.0,120.5,81.0,126.5,5,4,8,3,0,2,2
39.0,4,1,1,1,21840.0,27.0,4748.0,80.0,17.0,0.0,9.0,0.0,0.0,1.0,1,0,3,1,0,9,0
40.0,1,1,1,1,58582.0,763.0,4679.0,15.0,402.0,35.0,106.0,101.0,77.0,42.0,9,2,9,2,1,5,1
71.0,2,0,0,0,72282.0,1331.0,4750.0,70.0,503.0,27.0,419.0,90.0,81.0,126.5,5,7,9,1,0,7,2
66.0,2,1,1,2,50387.0,525.0,4707.0,91.0,369.0,9.0,87.0,12.0,14.0,34.0,6,2,8,3,0,5,1
61.0,4,1,1,2,32583.0,9.0,4419.0,10.0,5.0,0.0,3.0,0.0,0.0,1.0,1,0,2,1,0,7,0
60.0,2,1,1,1,62568.0,953.0,4488.0,99.0,362.0,17.0,398.0,80.0,35.0,61.0,5,3,5,3,1,4,1
51.0,3,0,1,2,44635.0,68.0,4666.0,25.0,56.0,0.0,9.0,0.0,0.0,3.0,2,0,3,2,0,7,0
51.0,3,0,1,2,33316.0,131.0,4673.0,34.0,79.0,1.0,31.0,4.0,4.0,12.0,2,1,4,3,0,6,0
54.0,2,1,1,1,63967.0,882.0,4729.0,57.0,387.0,81.0,141.0,73.0,35.0,126.5,4,4,12,3,0,2,2
44.0,1,1,0,0,52513.0,1149.0,5068.0,84.0,367.0,17.0,241.0,104.0,81.0,126.5,9,5,9,2,0,7,2
53.0,2,1,1,1,25293.0,37.0,4692.0,51.0,15.0,0.0,11.0,0.0,2.0,9.0,1,1,2,1,0,8,0
57.0,4,0,1,1,54111.0,388.0,4713.0,97.0,267.0,6.0,54.0,8.0,3.0,50.0,5,2,6,2,0,5,1
36.0,2,1,0,0,78394.0,1428.0,4904.0,13.0,298.0,27.0,556.0,120.5,24.0,126.5,4,6,5,1,0,2,2
64.0,3,1,0,0,80739.0,1633.0,4807.0,92.0,674.0,81.0,556.0,39.0,0.0,92.0,3,11,9,1,0,1,2
47.0,3,1,1,1,22669.0,173.0,4808.0,30.0,16.0,14.0,36.0,37.0,22.0,48.0,4,1,2,3,0,9,0
35.0,2,0,1,1,29236.0,99.0,4669.0,30.0,37.0,4.0,24.0,16.0,9.0,9.0,4,0,3,2,0,9,0
63.0,2,1,1,1,44911.0,215.0,4876.0,11.0,159.0,0.0,22.0,2.0,1.0,31.0,4,1,4,3,0,7,0
60.0,4,1,1,1,54693.0,929.0,4902.0,72.0,686.0,17.0,142.0,23.0,26.0,35.0,6,4,13,8,0,6,1
48.0,2,1,1,1,48186.0,219.0,4506.0,39.0,97.0,3.0,66.0,12.0,7.0,34.0,4,1,4,3,0,7,0
45.0,2,1,1,2,54809.0,174.0,4696.0,0.0,63.0,6.0,57.0,13.0,13.0,22.0,2,1,5,4,0,4,0
44.0,2,1,1,2,41580.0,92.0,4971.0,15.0,56.0,5.0,24.0,4.0,0.0,3.0,2,1,3,3,0,5,0
52.0,4,1,0,0,80336.0,1052.0,4698.0,12.0,209.0,19.0,456.0,120.5,81.0,66.0,2,9,13,1,0,1,2
65.0,2,1,1,1,47743.0,275.0,4869.0,56.0,198.0,2.0,43.0,0.0,12.0,20.0,4,1,6,3,1,6,1
67.0,1,1,1,1,62972.0,587.0,5100.0,39.0,313.0,15.0,47.0,20.0,0.0,126.5,7,4,3,2,0,6,1
68.0,4,0,1,1,57333.0,1662.0,5050.0,55.0,941.0,14.0,397.0,76.0,58.0,126.5,8,5,9,11,0,6,1
40.0,4,1,1,1,32313.0,159.0,4908.0,60.0,86.0,4.0,56.0,2.0,4.0,7.0,4,0,4,3,0,9,0
69.0,3,0,0,0,84953.0,1024.0,4796.0,73.0,167.0,48.0,556.0,63.0,72.0,72.0,3,10,4,1,3,2,2
54.0,3,0,1,1,27071.0,35.0,4472.0,90.0,8.0,3.0,19.0,0.0,2.0,3.0,2,0,3,2,0,6,0
65.0,3,1,0,0,68148.0,1042.0,4707.0,86.0,389.0,66.0,408.0,37.0,57.0,85.0,4,4,6,1,0,2,2
57.0,3,1,1,2,65735.0,395.0,4609.0,37.0,239.0,7.0,119.0,4.0,15.0,11.0,6,2,6,5,0,7,1
47.0,4,1,0,0,86836.0,557.0,5060.0,7.0,179.0,21.0,273.0,0.0,21.0,63.0,6,10,6,1,3,5,2
59.0,4,1,1,2,4023.0,9.0,4411.0,29.0,5.0,0.0,1.0,1.0,1.0,1.0,0,0,0,15,0,19,0
32.0,2,1,0,0,30093.0,69.0,4761.0,19.0,2.0,6.0,28.0,13.0,4.0,16.0,2,0,3,1,0,7,0
56.0,4,1,1,1,57705.0,486.0,4574.0,14.0,383.0,0.0,53.0,6.0,4.0,40.0,8,1,6,3,0,6,1
34.0,2,0,1,1,25008.0,34.0,4552.0,72.0,2.0,8.0,8.0,6.0,1.0,9.0,1,0,3,2,0,8,0
27.0,1,0,0,0,83257.0,1365.0,5054.0,56.0,536.0,27.0,556.0,38.0,81.0,67.0,5,10,12,1,2,6,2
47.0,2,1,1,1,22280.0,13.0,4811.0,85.0,2.0,1.0,4.0,3.0,1.0,2.0,1,0,2,1,0,8,0
44.0,4,1,0,0,72159.0,1401.0,5013.0,62.0,322.0,53.0,556.0,34.0,40.0,53.0,4,6,10,1,0,2,2
61.0,2,1,0,0,64260.0,1574.0,4939.0,1.0,539.0,81.0,556.0,20.0,0.0,30.0,4,5,4,1,0,3,2
38.0,4,0,0,0,82733.0,1323.0,4697.0,28.0,712.0,50.0,420.0,65.0,38.0,38.0,8,4,7,1,0,4,2
51.0,3,0,1,1,74290.0,1217.0,4726.0,70.0,1121.0,0.0,72.0,0.0,12.0,12.0,10,8,10,4,2,6,1
71.0,3,0,1,3,58217.0,103.0,4994.0,84.0,68.0,1.0,13.0,3.0,5.0,13.0,2,0,4,1,0,6,0
46.0,3,1,0,0,21024.0,84.0,4765.0,89.0,36.0,4.0,18.0,6.0,2.0,18.0,2,0,4,1,0,7,0
50.0,4,1,0,0,70116.0,1536.0,4924.0,73.0,707.0,44.0,556.0,95.0,58.0,29.0,2,8,12,1,0,1,2
37.0,2,1,1,1,54006.0,581.0,5054.0,42.0,174.0,77.0,203.0,6.0,24.0,97.0,8,1,7,2,0,7,1
56.0,4,1,1,1,69063.0,928.0,5004.0,16.0,666.0,35.0,124.0,69.0,8.0,26.0,5,3,5,1,0,3,1
47.0,1,0,0,0,11448.0,14.0,4601.0,16.0,0.0,0.0,0.0,6.0,2.0,6.0,1,0,2,1,0,6,0
43.0,2,0,1,1,61825.0,424.0,4731.0,56.0,162.0,50.0,100.0,55.0,30.0,27.0,4,2,8,1,0,4,1
51.0,2,1,1,1,70886.0,960.0,4663.0,65.0,407.0,70.0,239.0,103.0,81.0,53.0,5,4,4,1,0,2,2
40.0,2,1,0,0,69109.0,1555.0,5002.0,10.0,823.0,25.0,459.0,120.5,29.0,95.0,6,6,7,1,1,4,2
49.0,2,0,1,2,60208.0,656.0,5035.0,13.0,488.0,23.0,71.0,15.0,0.0,59.0,8,3,7,11,1,7,1
54.0,3,1,1,2,32889.0,55.0,4701.0,78.0,28.0,0.0,13.0,4.0,2.0,8.0,2,1,3,3,0,5,0
38.0,2,0,1,1,34738.0,20.0,4454.0,51.0,3.0,2.0,10.0,3.0,0.0,2.0,1,0,3,1,0,6,0
51.0,3,1,1,1,30538.0,367.0,5041.0,27.0,284.0,0.0,52.0,8.0,3.0,20.0,9,0,4,4,0,10,1
45.0,1,1,0,0,82326.0,2257.0,4516.0,30.0,938.0,81.0,556.0,120.5,81.0,126.5,5,10,6,1,3,2,2
55.0,4,0,1,1,26642.0,42.0,4525.0,71.0,13.0,2.0,15.0,2.0,2.0,8.0,2,0,3,2,0,6,0
58.0,2,0,1,1,69932.0,1049.0,4787.0,97.0,412.0,81.0,153.0,120.5,81.0,57.0,7,6,11,2,0,4,2
50.0,2,0,1,2,44503.0,48.0,4479.0,83.0,31.0,1.0,8.0,0.0,0.0,8.0,2,0,3,2,0,6,0
74.0,4,0,1,1,60200.0,685.0,4948.0,3.0,502.0,19.0,132.0,0.0,6.0,26.0,6,2,11,6,0,6,1
70.0,2,0,1,1,49638.0,39.0,4476.0,71.0,18.0,10.0,3.0,3.0,5.0,0.0,1,0,3,1,0,2,0
35.0,1,0,0,0,23830.0,43.0,4547.0,3.0,1.0,8.0,6.0,4.0,8.0,16.0,1,0,3,1,0,7,0
63.0,3,0,0,0,33051.0,835.0,5087.0,15.0,100.0,71.0,243.0,108.0,81.0,126.5,9,1,8,3,0,9,1
64.0,2,1,0,0,72905.0,1515.0,4564.0,52.0,407.0,81.0,445.0,120.5,81.0,126.5,3,7,9,1,1,1,2
71.0,4,1,1,1,69702.0,1039.0,4900.0,8.0,664.0,9.0,240.0,50.0,19.0,57.0,7,7,10,2,0,4,1
47.0,2,0,1,1,70300.0,1596.0,4754.0,89.0,1045.0,61.0,338.0,60.0,46.0,46.0,5,5,13,3,0,8,1
38.0,4,1,0,0,70643.0,1828.0,5027.0,66.0,1218.0,81.0,304.0,23.0,81.0,33.0,5,8,4,1,0,6,2
53.0,4,1,1,1,30396.0,34.0,4465.0,22.0,15.0,0.0,6.0,0.0,1.0,12.0,1,1,2,2,1,7,0
54.0,4,0,1,1,50616.0,149.0,4477.0,56.0,128.0,0.0,16.0,0.0,1.0,4.0,4,0,4,2,0,7,0
53.0,3,0,1,1,62772.0,946.0,4811.0,74.0,581.0,49.0,157.0,43.0,8.0,108.0,5,6,11,1,1,2,2
37.0,4,0,0,0,30298.0,28.0,4446.0,48.0,6.0,3.0,12.0,6.0,1.0,0.0,1,1,3,1,0,3,0
38.0,2,0,1,1,52413.0,450.0,5008.0,67.0,185.0,8.0,133.0,56.0,56.0,12.0,7,1,7,2,0,7,1
65.0,4,1,1,2,44155.0,46.0,4566.0,24.0,22.0,1.0,9.0,0.0,0.0,14.0,1,1,2,1,0,4,0
51.0,4,0,0,0,86979.0,1702.0,4639.0,67.0,584.0,81.0,556.0,65.0,81.0,35.0,5,5,5,1,1,2,2
47.0,2,1,1,2,76532.0,820.0,4698.0,38.0,355.0,30.0,177.0,90.0,81.0,30.0,9,5,7,4,0,5,1
40.0,2,1,1,1,42081.0,382.0,4893.0,86.0,175.0,10.0,110.0,54.0,6.0,27.0,6,3,4,2,1,6,1
34.0,4,1,0,0,67546.0,2126.0,5072.0,90.0,864.0,81.0,556.0,120.5,38.0,126.5,4,10,5,1,0,3,2
33.0,3,1,0,0,88420.0,2069.0,4463.0,87.0,957.0,81.0,556.0,99.0,81.0,126.5,4,7,8,1,3,1,2
37.0,2,1,1,1,31158.0,72.0,4923.0,62.0,25.0,6.0,16.0,20.0,0.0,5.0,2,0,3,2,0,8,0
54.0,2,0,1,1,61671.0,732.0,4431.0,23.0,641.0,7.0,56.0,0.0,0.0,28.0,10,4,6,8,2,8,1
48.0,2,0,0,0,69719.0,801.0,4439.0,99.0,273.0,81.0,208.0,120.5,14.0,43.0,2,3,5,1,0,1,2
73.0,2,0,1,1,49160.0,236.0,4657.0,29.0,122.0,21.0,43.0,25.0,10.0,15.0,3,1,6,2,0,6,1
44.0,0,1,1,1,24882.0,80.0,5063.0,52.0,1.0,4.0,10.0,29.0,0.0,36.0,1,1,2,1,1,6,0
68.0,4,0,0,0,90933.0,1685.0,4495.0,90.0,1020.0,31.0,430.0,62.0,63.0,79.0,4,6,4,1,1,1,2
77.0,4,0,0,0,113734.0,277.0,4437.0,9.0,6.0,2.0,3.0,1.0,81.0,3.0,27,0,0,0,0,1,1
72.0,4,1,1,1,59292.0,507.0,4786.0,71.0,378.0,14.0,68.0,19.0,14.0,14.0,3,5,8,2,0,3,1
58.0,4,1,1,2,45759.0,68.0,4896.0,13.0,42.0,1.0,18.0,3.0,0.0,4.0,2,0,3,2,0,7,0
39.0,2,0,0,0,22148.0,49.0,4482.0,16.0,15.0,5.0,14.0,0.0,4.0,11.0,1,0,3,1,0,7,0
35.0,3,1,0,0,73395.0,397.0,4508.0,94.0,272.0,7.0,80.0,20.0,7.0,11.0,4,4,6,1,0,2,2
51.0,2,0,1,1,29819.0,39.0,4653.0,77.0,9.0,1.0,24.0,2.0,1.0,2.0,3,0,3,3,0,6,0
54.0,2,1,1,1,45688.0,306.0,4560.0,20.0,279.0,0.0,18.0,0.0,0.0,9.0,3,1,8,2,1,4,0
68.0,2,1,0,0,62820.0,976.0,4819.0,51.0,398.0,61.0,265.0,120.5,61.0,53.0,3,4,6,1,0,1,2
51.0,4,1,1,1,60491.0,1028.0,4701.0,81.0,637.0,47.0,237.0,12.0,19.0,76.0,6,11,7,4,0,5,1
36.0,2,1,1,1,33235.0,70.0,4549.0,71.0,45.0,0.0,16.0,2.0,1.0,6.0,3,0,3,1,0,7,0
63.0,2,1,0,0,35701.0,46.0,4872.0,36.0,21.0,1.0,9.0,7.0,3.0,5.0,1,0,3,1,0,6,0
42.0,3,1,1,1,31535.0,51.0,4681.0,95.0,15.0,4.0,13.0,0.0,0.0,19.0,1,1,2,1,1,7,0
62.0,1,1,0,0,92556.0,1263.0,4475.0,32.0,493.0,81.0,352.0,120.5,23.0,28.0,3,5,13,0,0,0,2
52.0,2,0,1,1,67384.0,1490.0,5001.0,32.0,957.0,40.0,175.0,120.5,53.0,107.0,7,8,5,2,1,5,2
51.0,3,1,0,0,80573.0,1564.0,5028.0,85.0,829.0,81.0,430.0,60.0,81.0,15.0,4,6,13,1,0,2,2
55.0,2,1,1,1,77870.0,1815.0,5081.0,93.0,1017.0,50.0,500.0,65.0,50.0,126.5,5,5,5,3,2,8,1
59.0,4,0,1,1,52278.0,1198.0,4925.0,24.0,953.0,0.0,71.0,0.0,0.0,126.5,10,5,10,6,0,8,1
54.0,2,0,1,1,57107.0,416.0,5079.0,44.0,159.0,0.0,120.0,0.0,0.0,126.5,4,4,8,7,2,8,1
32.0,2,1,0,0,18929.0,85.0,4903.0,15.0,32.0,0.0,8.0,23.0,4.0,18.0,1,0,4,1,0,6,0
41.0,4,0,1,1,36038.0,47.0,4799.0,82.0,23.0,0.0,15.0,0.0,2.0,7.0,3,0,3,2,0,6,0
46.0,2,0,0,0,20180.0,137.0,4899.0,27.0,18.0,42.0,24.0,15.0,20.0,18.0,2,1,4,1,0,7,0
57.0,4,1,1,2,34230.0,21.0,4955.0,72.0,15.0,0.0,4.0,0.0,0.0,2.0,1,0,2,1,0,7,0
45.0,1,0,1,1,31878.0,70.0,4412.0,7.0,23.0,4.0,5.0,10.0,5.0,23.0,1,0,4,1,0,3,0
50.0,1,1,1,1,70932.0,909.0,4566.0,57.0,200.0,81.0,100.0,46.0,81.0,126.5,6,2,12,2,0,3,2
66.0,2,0,0,0,91249.0,1676.0,5022.0,84.0,1225.0,27.0,119.0,71.0,81.0,27.0,7,9,6,0,4,4,2
79.0,3,0,0,0,77598.0,1735.0,4676.0,53.0,1193.0,33.0,281.0,120.5,66.0,33.0,7,5,13,1,1,3,2
63.0,2,0,1,2,80982.0,1191.0,4942.0,48.0,505.0,81.0,401.0,104.0,22.0,22.0,11,5,11,3,0,5,1
45.0,3,1,1,1,22701.0,24.0,4702.0,2.0,2.0,4.0,9.0,0.0,4.0,5.0,1,0,3,1,0,5,0
53.0,4,1,1,1,55212.0,1182.0,4988.0,65.0,1103.0,0.0,45.0,0.0,0.0,34.0,4,2,11,3,2,8,1
52.0,2,1,0,0,70617.0,1280.0,4776.0,45.0,353.0,61.0,556.0,40.0,46.0,27.0,3,3,7,1,0,2,2
65.0,2,0,0,0,64849.0,1336.0,4998.0,42.0,652.0,48.0,350.0,94.0,81.0,108.0,9,3,6,1,0,5,2
57.0,3,1,1,2,62694.0,749.0,4782.0,29.0,379.0,6.0,157.0,25.0,81.0,91.0,9,3,7,5,0,7,1
48.0,4,1,1,2,61917.0,91.0,4626.0,83.0,46.0,4.0,36.0,2.0,2.0,1.0,2,0,4,1,0,5,0
75.0,4,1,1,1,67472.0,414.0,4679.0,93.0,162.0,31.0,127.0,8.0,17.0,69.0,4,2,7,2,0,3,1
40.0,3,1,1,1,21059.0,44.0,4578.0,40.0,8.0,3.0,19.0,3.0,3.0,8.0,3,0,3,3,0,6,0
54.0,3,1,1,2,29543.0,63.0,4494.0,47.0,17.0,3.0,18.0,3.0,4.0,18.0,3,1,2,2,0,7,0
71.0,2,1,1,1,75903.0,901.0,4852.0,50.0,340.0,81.0,185.0,120.5,38.0,100.0,6,6,9,2,0,3,2
47.0,1,1,1,2,34984.0,38.0,5066.0,40.0,8.0,4.0,15.0,3.0,5.0,3.0,1,0,3,2,0,7,0
66.0,4,0,1,1,54998.0,455.0,4881.0,3.0,154.0,22.0,202.0,39.0,30.0,8.0,4,2,9,5,0,4,1
73.0,4,0,1,1,54356.0,775.0,4992.0,62.0,710.0,15.0,30.0,20.0,0.0,0.0,11,2,8,3,0,8,1
63.0,3,1,1,1,34242.0,15.0,4503.0,25.0,8.0,2.0,4.0,0.0,0.0,1.0,0,0,3,1,0,5,0
49.0,2,1,1,1,25410.0,38.0,4707.0,48.0,2.0,2.0,4.0,13.0,13.0,4.0,1,0,4,1,0,4,0
38.0,4,1,0,0,73356.0,1512.0,4548.0,56.0,1050.0,14.0,322.0,0.0,14.0,112.0,5,11,5,1,3,2,2
72.0,2,1,1,1,28320.0,43.0,4936.0,68.0,19.0,1.0,14.0,3.0,2.0,4.0,1,0,3,1,0,8,0
45.0,2,0,1,1,23763.0,42.0,5096.0,64.0,22.0,0.0,6.0,6.0,2.0,6.0,1,0,3,1,0,7,0
38.0,2,1,0,0,72570.0,1089.0,4470.0,67.0,274.0,81.0,216.0,120.5,81.0,126.5,4,6,12,1,0,1,2
46.0,3,1,1,1,34529.0,162.0,5058.0,94.0,68.0,6.0,38.0,3.0,6.0,41.0,2,2,3,2,0,7,0
71.0,2,0,0,0,70792.0,1272.0,4913.0,82.0,344.0,45.0,556.0,104.0,11.0,114.0,3,4,10,2,0,3,2
40.0,2,1,0,0,63211.0,1173.0,5009.0,3.0,145.0,81.0,459.0,120.5,26.0,126.5,3,8,7,2,0,2,2
48.0,3,1,1,1,83891.0,816.0,4414.0,24.0,217.0,38.0,350.0,111.0,81.0,15.0,4,7,10,1,0,1,2
54.0,2,0,1,2,36065.0,74.0,4860.0,54.0,18.0,7.0,34.0,10.0,2.0,3.0,3,0,3,3,0,8,0
68.0,2,1,1,1,39898.0,134.0,4907.0,20.0,69.0,8.0,26.0,12.0,7.0,12.0,3,0,4,2,0,7,0
82.0,4,0,0,0,51141.0,157.0,4761.0,96.0,144.0,0.0,7.0,0.0,0.0,6.0,3,1,4,1,0,5,0
46.0,2,1,1,1,56939.0,561.0,4689.0,19.0,256.0,34.0,103.0,90.0,29.0,49.0,3,3,10,2,0,3,1
71.0,2,0,0,0,80872.0,1336.0,4453.0,60.0,483.0,72.0,556.0,94.0,12.0,108.0,4,4,10,1,0,1,2
46.0,4,1,0,0,72335.0,2092.0,5090.0,2.0,1225.0,81.0,556.0,28.0,21.0,0.0,10,4,8,1,0,8,2
58.0,4,0,0,0,61798.0,463.0,4623.0,13.0,338.0,4.0,89.0,11.0,8.0,13.0,4,2,9,1,0,4,2
72.0,4,0,0,0,76842.0,1130.0,4462.0,37.0,605.0,10.0,345.0,84.0,54.0,32.0,1,8,7,1,0,0,2
46.0,2,1,1,1,29478.0,20.0,4568.0,59.0,8.0,0.0,7.0,3.0,1.0,1.0,1,0,3,1,0,6,0
66.0,2,0,1,1,46998.0,377.0,5020.0,55.0,172.0,41.0,86.0,45.0,6.0,27.0,5,3,5,5,1,7,1
32.0,2,0,0,0,96843.0,1544.0,4837.0,60.0,448.0,71.0,556.0,40.0,17.0,17.0,6,11,10,1,1,2,2
72.0,4,0,1,2,56551.0,138.0,4458.0,48.0,67.0,4.0,32.0,17.0,2.0,16.0,2,1,4,3,0,4,0
57.0,3,1,1,1,70053.0,1012.0,4766.0,38.0,512.0,53.0,98.0,81.0,81.0,89.0,8,5,10,3,0,5,1
60.0,4,0,0,0,71670.0,1766.0,4760.0,8.0,1225.0,16.0,128.0,0.0,0.0,126.5,5,3,6,1,3,6,2
44.0,2,1,1,2,44359.0,45.0,4417.0,19.0,20.0,0.0,14.0,7.0,3.0,1.0,2,0,4,3,0,3,0
70.0,2,0,1,2,40887.0,161.0,4824.0,32.0,50.0,4.0,44.0,10.0,10.0,43.0,3,1,3,3,0,9,0
56.0,2,0,1,1,48877.0,144.0,4580.0,27.0,102.0,1.0,15.0,2.0,0.0,24.0,3,0,4,1,0,7,0
75.0,2,1,0,0,74485.0,1734.0,4714.0,58.0,499.0,81.0,556.0,120.5,49.0,49.0,6,7,12,1,0,3,2
50.0,2,1,1,1,64474.0,823.0,4655.0,59.0,381.0,35.0,172.0,56.0,81.0,93.0,8,2,10,2,0,5,1
59.0,2,1,1,1,77226.0,1138.0,4526.0,29.0,631.0,43.0,239.0,120.5,76.0,21.0,6,8,12,2,0,3,2
73.0,2,0,0,0,72643.0,1429.0,4892.0,60.0,526.0,80.0,553.0,120.5,81.0,53.0,3,10,7,1,1,2,2
44.0,3,1,0,0,85738.0,1371.0,4562.0,41.0,913.0,26.0,376.0,17.0,26.0,13.0,3,6,11,1,2,1,2
56.0,2,0,1,1,55686.0,982.0,4905.0,27.0,673.0,0.0,199.0,37.0,47.0,26.0,6,3,5,2,1,4,1
39.0,2,0,1,1,39062.0,44.0,4501.0,28.0,23.0,0.0,9.0,0.0,0.0,12.0,1,0,3,1,1,4,0
51.0,2,1,1,2,34600.0,318.0,4949.0,8.0,199.0,33.0,60.0,8.0,3.0,15.0,5,2,5,5,0,8,1
47.0,2,1,1,1,40794.0,434.0,4853.0,18.0,261.0,23.0,73.0,4.0,23.0,50.0,6,3,5,2,0,7,1
51.0,1,1,1,2,54690.0,198.0,4639.0,76.0,111.0,16.0,37.0,7.0,9.0,18.0,3,1,5,3,0,3,0
53.0,2,1,1,1,4428.0,359.0,4672.0,0.0,16.0,4.0,12.0,2.0,4.0,126.5,25,0,0,0,0,1,1
59.0,1,1,0,0,32632.0,576.0,5101.0,32.0,63.0,81.0,137.0,120.5,19.0,53.0,4,4,8,2,0,5,2
54.0,4,0,1,2,38236.0,88.0,4687.0,2.0,58.0,0.0,18.0,2.0,0.0,10.0,3,0,4,4,0,7,0
43.0,2,1,1,1,36781.0,63.0,4485.0,16.0,29.0,1.0,17.0,0.0,3.0,13.0,2,1,2,1,0,8,0
38.0,3,0,1,1,31385.0,27.0,4976.0,56.0,3.0,2.0,12.0,0.0,1.0,9.0,1,0,2,1,1,8,0
38.0,2,1,1,1,24570.0,193.0,4892.0,97.0,28.0,34.0,62.0,11.0,14.0,44.0,4,0,4,3,0,9,0
48.0,4,0,1,1,25509.0,101.0,5054.0,15.0,40.0,3.0,30.0,10.0,7.0,11.0,3,0,3,3,0,9,0
71.0,2,1,0,0,94642.0,2211.0,4542.0,35.0,879.0,81.0,556.0,106.0,81.0,126.5,5,7,9,0,2,1,2
60.0,3,1,1,1,58646.0,140.0,4789.0,3.0,62.0,1.0,44.0,6.0,5.0,22.0,2,1,4,1,0,4,0
47.0,2,0,1,2,53201.0,415.0,4907.0,49.0,280.0,7.0,81.0,20.0,0.0,27.0,6,3,5,8,0,7,1
65.0,2,1,1,1,21994.0,22.0,4957.0,4.0,9.0,0.0,6.0,3.0,1.0,3.0,0,0,3,1,0,5,0
44.0,2,1,1,2,57113.0,263.0,4913.0,45.0,182.0,4.0,33.0,0.0,2.0,42.0,4,1,5,6,0,7,1
31.0,2,1,0,0,51373.0,393.0,4777.0,37.0,83.0,2.0,101.0,64.0,26.0,117.0,3,5,3,1,0,4,2
36.0,2,1,1,1,23477.0,147.0,4656.0,39.0,38.0,15.0,54.0,3.0,8.0,29.0,3,0,4,3,0,8,0
66.0,2,1,1,1,58116.0,443.0,4482.0,38.0,228.0,19.0,130.0,4.0,11.0,51.0,3,3,8,2,0,2,1
59.0,4,0,0,0,72968.0,1958.0,4600.0,8.0,1092.0,37.0,556.0,120.5,37.0,55.0,5,5,8,1,1,3,2
51.0,3,1,1,1,39791.0,174.0,4863.0,89.0,85.0,15.0,27.0,13.0,13.0,21.0,3,1,4,2,0,7,0
75.0,3,0,0,0,91712.0,2217.0,4660.0,47.0,1225.0,24.0,556.0,94.0,29.0,48.0,9,7,11,0,1,3,2
64.0,2,0,1,1,94472.0,1691.0,4492.0,75.0,1017.0,33.0,417.0,108.0,81.0,16.0,5,5,5,1,2,5,2
62.0,2,1,1,2,13672.0,25.0,4843.0,86.0,6.0,2.0,9.0,2.0,1.0,5.0,1,0,3,2,0,8,0
42.0,1,1,0,0,96547.0,809.0,4442.0,4.0,448.0,21.0,125.0,52.0,81.0,62.0,7,6,8,0,3,2,2
47.0,2,1,0,0,79205.0,895.0,5074.0,73.0,504.0,23.0,117.0,120.5,28.0,44.0,6,5,4,1,1,4,2
47.0,4,1,1,1,56559.0,484.0,4956.0,46.0,226.0,22.0,133.0,41.0,31.0,31.0,4,3,8,3,0,4,1
49.0,4,1,1,1,32644.0,413.0,4934.0,38.0,239.0,3.0,141.0,0.0,7.0,23.0,7,1,6,4,1,8,1
42.0,1,0,1,1,67506.0,331.0,4583.0,73.0,90.0,38.0,67.0,33.0,36.0,67.0,4,1,6,1,0,3,1
52.0,2,0,1,1,24206.0,25.0,4883.0,66.0,7.0,2.0,8.0,3.0,2.0,3.0,1,0,3,1,0,6,0
55.0,4,0,1,1,28420.0,13.0,4592.0,36.0,4.0,2.0,5.0,2.0,0.0,0.0,1,0,2,1,0,6,0
52.0,2,1,1,1,22979.0,115.0,5066.0,29.0,16.0,17.0,19.0,20.0,21.0,22.0,3,2,2,3,0,8,0
56.0,2,0,0,0,33279.0,16.0,4422.0,29.0,10.0,3.0,3.0,0.0,0.0,0.0,0,0,3,1,0,3,0
50.0,3,0,1,2,46423.0,92.0,4689.0,6.0,68.0,0.0,16.0,0.0,0.0,8.0,2,0,4,3,0,7,0
45.0,2,1,1,1,30368.0,52.0,4639.0,97.0,35.0,0.0,13.0,2.0,0.0,2.0,2,0,3,2,0,8,0
52.0,2,1,1,1,63684.0,1464.0,4985.0,61.0,575.0,80.0,428.0,120.5,81.0,80.0,8,4,8,3,0,5,1
58.0,2,0,1,1,41638.0,441.0,4906.0,68.0,315.0,0.0,31.0,4.0,0.0,91.0,5,5,3,4,1,8,1
63.0,4,0,1,1,68805.0,283.0,4690.0,73.0,182.0,2.0,49.0,17.0,13.0,20.0,3,1,7,1,0,2,1
56.0,4,1,1,1,65814.0,747.0,4524.0,90.0,561.0,14.0,113.0,10.0,14.0,35.0,8,2,10,3,0,5,1
64.0,2,0,0,0,71964.0,1870.0,4810.0,81.0,587.0,51.0,556.0,120.5,34.0,86.0,5,6,5,1,0,3,2
36.0,2,0,1,1,39146.0,165.0,4905.0,1.0,94.0,1.0,33.0,13.0,12.0,12.0,4,0,4,3,0,8,0
45.0,2,1,0,0,96876.0,1941.0,4732.0,79.0,908.0,43.0,556.0,40.0,81.0,21.0,7,7,9,1,3,2,2
41.0,0,1,0,0,34445.0,839.0,4923.0,92.0,228.0,81.0,122.0,120.5,81.0,30.0,11,2,8,6,0,9,1
64.0,2,0,0,0,68281.0,1655.0,5096.0,31.0,995.0,81.0,417.0,42.0,48.0,41.0,2,9,13,1,0,5,2
47.0,1,1,1,2,37284.0,23.0,4862.0,46.0,11.0,1.0,2.0,2.0,1.0,6.0,0,0,3,1,0,6,0
39.0,2,1,0,0,36790.0,66.0,4890.0,14.0,3.0,3.0,14.0,15.0,21.0,10.0,2,1,2,1,0,9,0
55.0,2,1,1,2,27943.0,37.0,4845.0,89.0,12.0,1.0,16.0,4.0,1.0,3.0,2,0,3,3,0,8,0
71.0,2,0,1,2,22263.0,21.0,4496.0,31.0,17.0,0.0,2.0,0.0,0.0,2.0,1,0,3,2,0,6,0
50.0,2,1,1,3,30261.0,22.0,5047.0,75.0,8.0,0.0,5.0,0.0,3.0,6.0,0,0,3,1,0,8,0
44.0,2,1,1,1,28587.0,78.0,4542.0,42.0,22.0,4.0,17.0,12.0,10.0,13.0,2,0,4,3,0,6,0
40.0,3,1,1,1,43815.0,79.0,4855.0,53.0,14.0,10.0,29.0,4.0,7.0,15.0,2,0,3,1,0,6,0
66.0,2,1,1,2,48195.0,265.0,4564.0,53.0,106.0,27.0,68.0,52.0,7.0,5.0,4,2,5,6,0,6,1
70.0,3,1,1,1,77027.0,1175.0,4549.0,23.0,820.0,57.0,242.0,45.0,0.0,11.0,8,3,6,2,0,4,1
57.0,4,1,1,1,71322.0,1305.0,4903.0,57.0,753.0,43.0,226.0,69.0,10.0,126.5,8,5,13,2,0,4,1
43.0,3,1,1,1,32765.0,46.0,4531.0,49.0,13.0,3.0,17.0,7.0,3.0,3.0,2,0,4,2,0,5,0
57.0,2,1,1,2,29672.0,25.0,4879.0,6.0,9.0,1.0,3.0,0.0,4.0,8.0,0,0,3,1,0,6,0
69.0,2,0,0,0,23272.0,46.0,4660.0,29.0,19.0,3.0,6.0,4.0,2.0,12.0,1,0,3,1,0,4,0
73.0,3,1,1,1,49912.0,874.0,5065.0,5.0,520.0,8.0,223.0,32.0,49.0,42.0,10,5,7,4,1,8,1
37.0,1,1,1,1,7500.0,100.0,5102.0,98.0,5.0,17.0,17.0,13.0,14.0,34.0,2,1,3,4,0,9,0
75.0,4,0,1,1,68117.0,930.0,4881.0,80.0,618.0,44.0,215.0,0.0,17.0,36.0,11,8,4,2,1,6,1
67.0,2,1,1,1,67225.0,868.0,4620.0,4.0,315.0,35.0,322.0,46.0,7.0,126.5,7,2,11,3,0,5,1
46.0,2,1,1,1,17649.0,45.0,4634.0,70.0,15.0,1.0,23.0,0.0,5.0,1.0,3,0,3,3,0,8,0
47.0,2,1,1,1,55914.0,1260.0,4831.0,32.0,384.0,60.0,364.0,119.0,81.0,126.5,11,6,8,4,0,7,1
38.0,2,1,1,1,40059.0,414.0,4679.0,82.0,110.0,29.0,92.0,28.0,10.0,126.5,6,2,3,1,1,8,1
72.0,2,1,1,1,60905.0,392.0,4611.0,27.0,208.0,17.0,76.0,36.0,17.0,38.0,3,3,7,2,0,2,1
45.0,2,1,1,2,75330.0,1109.0,5038.0,94.0,555.0,81.0,257.0,93.0,61.0,61.0,10,3,12,4,0,6,1
71.0,2,0,1,1,60689.0,639.0,4798.0,23.0,240.0,81.0,216.0,63.0,6.0,24.0,4,4,10,4,0,3,1
38.0,2,1,1,1,38680.0,79.0,4863.0,97.0,11.0,0.0,36.0,15.0,5.0,12.0,2,0,3,1,0,7,0
40.0,2,1,0,0,61416.0,1665.0,4911.0,25.0,848.0,81.0,323.0,120.5,61.0,78.0,10,3,10,1,1,6,2
31.0,2,0,0,0,49767.0,692.0,4828.0,92.0,202.0,47.0,197.0,55.0,42.0,126.5,5,4,8,1,0,4,2
52.0,2,0,1,3,83273.0,1392.0,5047.0,98.0,433.0,81.0,556.0,16.0,81.0,102.0,4,6,9,10,0,7,1
41.0,2,1,1,1,29009.0,44.0,4617.0,19.0,6.0,6.0,15.0,10.0,5.0,2.0,2,0,3,2,0,6,0
43.0,3,1,1,1,45057.0,50.0,4615.0,80.0,37.0,0.0,7.0,3.0,0.0,3.0,2,0,3,1,0,5,0
51.0,2,1,1,1,37150.0,467.0,5061.0,80.0,167.0,37.0,64.0,49.0,34.0,116.0,4,3,6,8,0,7,1
52.0,2,0,1,1,43020.0,223.0,4616.0,79.0,45.0,7.0,99.0,4.0,25.0,43.0,4,1,4,3,0,6,0
63.0,2,1,1,1,53154.0,158.0,4425.0,50.0,129.0,0.0,21.0,0.0,1.0,7.0,3,1,4,1,0,4,0
49.0,2,1,0,0,65308.0,1211.0,4696.0,60.0,713.0,0.0,264.0,120.0,80.0,34.0,7,8,12,1,2,4,2
52.0,2,0,1,1,76467.0,1575.0,5086.0,44.0,676.0,81.0,426.0,120.5,44.0,58.0,2,5,5,2,0,6,2
75.0,1,1,0,0,81044.0,1208.0,4589.0,0.0,450.0,26.0,535.0,73.0,81.0,26.0,5,6,10,1,0,1,2
71.0,2,1,1,2,32871.0,43.0,4882.0,28.0,22.0,2.0,12.0,0.0,2.0,5.0,1,0,3,1,0,4,0
47.0,2,0,1,2,55801.0,527.0,4685.0,35.0,367.0,4.0,51.0,6.0,4.0,95.0,7,2,6,6,1,7,1
63.0,2,0,1,1,76320.0,932.0,4412.0,49.0,526.0,35.0,214.0,69.0,53.0,35.0,6,3,4,2,0,2,2
67.0,3,0,1,2,36927.0,71.0,4432.0,46.0,51.0,0.0,16.0,0.0,0.0,4.0,3,0,3,2,0,8,0
69.0,2,1,1,2,48794.0,54.0,4408.0,97.0,25.0,0.0,11.0,3.0,0.0,15.0,1,0,3,1,0,4,0
57.0,2,0,0,0,23478.0,129.0,4872.0,51.0,28.0,6.0,27.0,12.0,17.0,39.0,3,0,3,1,0,8,0
49.0,2,0,1,1,71128.0,1615.0,5036.0,80.0,958.0,81.0,447.0,20.0,0.0,31.0,2,10,12,3,0,7,1
46.0,4,0,1,1,70179.0,1034.0,4748.0,10.0,532.0,81.0,168.0,69.0,44.0,126.5,7,3,13,3,0,5,1
72.0,2,1,1,1,59462.0,1088.0,4945.0,29.0,724.0,17.0,143.0,0.0,8.0,126.5,9,2,12,2,0,7,1
53.0,3,1,1,2,51381.5,721.0,4812.0,52.0,375.0,42.0,48.0,94.0,66.0,96.0,4,10,4,7,0,3,1
53.0,2,1,1,1,38361.0,137.0,4589.0,74.0,39.0,0.0,56.0,20.0,8.0,14.0,3,1,3,3,0,7,0
41.0,4,0,1,1,51381.5,47.0,4799.0,82.0,23.0,0.0,15.0,0.0,2.0,7.0,3,0,3,2,0,6,0
40.0,4,1,0,0,70038.0,1244.0,4652.0,54.0,587.0,54.0,348.0,71.0,54.0,126.5,4,4,8,1,0,2,2
44.0,2,1,1,2,42554.0,41.0,4938.0,93.0,29.0,1.0,11.0,0.0,0.0,0.0,2,0,3,2,0,4,0
48.0,2,1,1,1,67445.0,1174.0,5091.0,63.0,757.0,80.0,217.0,29.0,80.0,11.0,9,6,12,5,0,6,1
71.0,2,0,1,1,67046.0,993.0,4944.0,92.0,544.0,35.0,133.0,23.0,81.0,107.0,4,5,4,2,0,2,1
74.0,2,1,0,0,42192.0,100.0,4701.0,40.0,40.0,15.0,15.0,17.0,6.0,7.0,2,1,3,1,0,4,0
70.0,4,1,1,1,77610.0,1680.0,5013.0,70.0,1225.0,33.0,332.0,21.0,33.0,16.0,4,7,4,2,0,7,1
38.0,2,1,1,1,31761.0,98.0,4490.0,96.0,19.0,1.0,20.0,16.0,14.0,28.0,3,0,4,2,0,5,0
43.0,2,1,1,1,34350.0,48.0,4658.0,81.0,16.0,3.0,15.0,2.0,1.0,11.0,1,0,3,1,0,7,0
73.0,2,1,1,1,54591.0,519.0,4733.0,63.0,376.0,4.0,94.0,12.0,9.0,24.0,6,2,8,3,0,5,1
66.0,2,1,1,1,71866.0,715.0,4591.0,85.0,184.0,81.0,178.0,103.0,39.0,33.0,6,3,10,1,0,3,2
53.0,2,1,1,1,25293.0,37.0,4692.0,51.0,15.0,0.0,11.0,0.0,2.0,9.0,1,1,2,1,0,8,0
35.0,4,0,0,0,42000.0,653.0,4940.0,23.0,124.0,81.0,267.0,85.0,59.0,35.0,5,2,11,2,0,5,2
39.0,2,1,0,0,69520.0,1455.0,4762.0,95.0,627.0,81.0,414.0,120.5,80.0,93.0,9,6,5,1,0,5,2
52.0,2,0,1,1,64713.0,602.0,4547.0,11.0,180.0,60.0,241.0,13.0,54.0,54.0,5,5,7,2,0,4,1
45.0,3,1,1,1,27889.0,26.0,4764.0,42.0,14.0,0.0,4.0,0.0,0.0,8.0,1,1,2,1,0,6,0
62.0,0,0,0,0,22123.0,102.0,4499.0,77.0,3.0,3.0,24.0,34.0,7.0,31.0,2,1,3,1,0,5,0
51.0,2,1,1,2,51381.5,97.0,4888.0,82.0,71.0,1.0,16.0,0.0,0.0,9.0,2,1,3,4,0,8,0
68.0,3,1,1,1,51381.5,207.0,4776.0,83.0,161.0,0.0,22.0,0.0,0.0,24.0,4,1,4,2,0,6,0
49.0,2,1,1,1,27803.0,176.0,5077.0,40.0,8.0,26.0,46.0,38.0,9.0,49.0,3,0,4,2,0,8,0
67.0,2,0,1,1,51381.5,450.0,4659.0,95.0,264.0,0.0,21.0,12.0,6.0,126.5,6,1,5,3,0,7,1
62.0,2,1,1,1,51651.0,433.0,5004.0,32.0,293.0,6.0,23.0,13.0,6.0,92.0,6,2,5,4,0,8,1
34.0,2,1,0,0,68487.0,1366.0,4937.0,48.0,758.0,12.0,385.0,33.0,81.0,89.0,9,7,13,1,0,4,2
79.0,3,0,0,0,51381.5,1564.0,4647.0,75.0,532.0,81.0,490.0,120.5,81.0,126.0,5,5,11,1,1,1,2
53.0,2,1,1,1,56796.0,1001.0,4903.0,24.0,656.0,38.0,161.0,62.0,47.0,37.0,8,9,7,3,0,7,1
30.0,1,1,0,0,87000.0,961.0,4966.0,61.0,196.0,25.0,556.0,67.0,17.0,49.0,4,6,7,1,0,2,2
63.0,2,1,1,1,79823.0,1518.0,4495.0,6.0,835.0,73.0,380.0,114.0,73.0,43.0,6,9,7,1,1,2,2
42.0,2,0,1,1,30828.0,56.0,4673.0,16.0,16.0,11.0,15.0,2.0,0.0,12.0,1,1,4,2,0,3,0
51.0,3,1,1,1,34109.0,22.0,4640.0,39.0,9.0,1.0,5.0,2.0,1.0,4.0,0,0,3,1,0,4,0
48.0,3,0,1,2,53367.0,400.0,4707.0,2.0,229.0,7.0,140.0,10.0,3.0,11.0,5,1,8,7,0,7,1
53.0,0,1,0,0,22390.0,26.0,4656.0,49.0,0.0,1.0,4.0,15.0,1.0,5.0,1,0,2,1,0,7,0
46.0,2,1,1,1,71322.0,350.0,4463.0,31.0,121.0,24.0,124.0,24.0,15.0,42.0,4,1,7,1,0,2,1
29.0,2,0,0,0,79244.0,1216.0,4962.0,58.0,471.0,81.0,125.0,120.5,61.0,126.5,4,10,7,1,2,1,2
73.0,3,1,1,1,49912.0,874.0,5065.0,5.0,520.0,8.0,223.0,32.0,49.0,42.0,10,5,7,4,1,8,1
72.0,4,1,1,2,48699.0,40.0,4809.0,90.0,26.0,1.0,10.0,2.0,0.0,1.0,1,0,3,1,0,5,0
47.0,2,1,0,0,80144.0,1367.0,4677.0,47.0,240.0,81.0,445.0,120.5,81.0,108.0,3,7,8,1,0,1,2
66.0,2,0,1,2,54252.0,264.0,4802.0,25.0,178.0,4.0,26.0,8.0,4.0,44.0,4,1,5,5,0,6,1
46.0,3,1,1,1,81929.0,2053.0,5043.0,60.0,1225.0,55.0,278.0,49.0,0.0,126.5,4,4,10,2,2,6,1
47.0,2,1,1,1,76068.0,1376.0,4982.0,67.0,1115.0,12.0,128.0,33.0,12.0,76.0,2,3,4,1,2,6,1
46.0,3,1,1,2,53204.0,45.0,4506.0,40.0,29.0,0.0,8.0,2.0,0.0,6.0,1,0,3,1,0,4,0
73.0,4,1,1,1,67911.0,976.0,4443.0,63.0,529.0,0.0,356.0,63.0,28.0,0.0,6,7,11,3,0,3,1
38.0,1,1,1,1,14796.0,51.0,5055.0,1.0,13.0,3.0,8.0,7.0,4.0,16.0,1,0,3,2,0,9,0
48.0,4,1,1,1,78128.0,1264.0,4535.0,89.0,934.0,24.0,230.0,16.0,24.0,36.0,8,4,6,2,2,3,2
50.0,0,1,0,0,14188.0,75.0,4891.0,40.0,2.0,7.0,11.0,16.0,12.0,27.0,2,0,4,1,0,6,0
36.0,0,1,1,1,20425.0,57.0,5013.0,5.0,4.0,12.0,5.0,3.0,16.0,17.0,2,0,3,2,0,7,0
60.0,3,1,1,1,58646.0,140.0,4789.0,3.0,62.0,1.0,44.0,6.0,5.0,22.0,2,1,4,1,0,4,0
52.0,2,0,1,1,72967.0,497.0,4966.0,1.0,158.0,35.0,179.0,0.0,0.0,125.0,7,2,8,2,1,5,1
73.0,3,1,1,1,48150.0,266.0,4791.0,24.0,173.0,2.0,39.0,3.0,2.0,47.0,5,1,4,3,0,7,1
61.0,2,0,0,0,82332.0,2006.0,5055.0,89.0,830.0,59.0,556.0,51.0,79.0,19.0,5,3,12,1,1,2,2
67.0,2,0,1,2,58275.0,615.0,4797.0,48.0,189.0,10.0,253.0,56.0,43.0,64.0,8,2,7,6,0,7,1
41.0,4,1,0,0,44953.0,1021.0,4960.0,31.0,728.0,17.0,133.0,11.0,8.0,124.0,7,3,13,1,1,6,2
69.0,2,1,1,2,34587.0,22.0,4449.0,68.0,7.0,2.0,9.0,2.0,0.0,2.0,1,0,3,2,0,4,0
48.0,3,1,1,1,43018.0,133.0,4645.0,46.0,35.0,4.0,17.0,7.0,6.0,64.0,2,2,2,1,0,5,0
68.0,3,1,1,1,45736.0,437.0,4745.0,92.0,188.0,3.0,180.0,20.0,3.0,43.0,7,1,6,5,0,7,1
53.0,3,1,1,1,66476.0,1013.0,4612.0,80.0,742.0,28.0,152.0,25.0,9.0,57.0,6,8,10,2,0,4,1
41.0,1,1,1,1,27733.0,57.0,4712.0,16.0,0.0,7.0,5.0,26.0,2.0,17.0,2,0,3,2,0,7,0
70.0,4,1,1,1,69805.0,1038.0,4564.0,50.0,750.0,71.0,174.0,13.0,10.0,20.0,6,8,11,2,0,2,1
60.0,3,0,0,0,72217.0,1573.0,4850.0,93.0,816.0,42.0,450.0,55.0,56.0,126.5,3,10,8,1,0,2,2
51.0,2,0,1,1,25818.0,28.0,5024.0,51.0,5.0,2.0,8.0,2.0,2.0,9.0,0,1,2,1,0,7,0
46.0,3,1,1,1,37509.0,123.0,5060.0,24.0,37.0,5.0,56.0,12.0,8.0,5.0,3,0,4,2,0,7,0
46.0,1,1,1,2,25176.0,13.0,4728.0,79.0,4.0,0.0,4.0,0.0,0.0,5.0,1,0,2,1,0,7,0
42.0,2,1,1,1,43586.0,132.0,5073.0,26.0,99.0,2.0,11.0,4.0,0.0,16.0,3,0,4,3,0,8,0
66.0,1,1,1,1,53230.0,732.0,5100.0,86.0,176.0,72.0,98.0,120.5,21.0,126.5,5,2,12,4,0,5,1
65.0,2,1,1,2,50116.0,66.0,4414.0,68.0,54.0,0.0,10.0,0.0,0.0,2.0,1,0,4,2,1,5,0
50.0,2,1,0,0,84906.0,1631.0,4673.0,98.0,997.0,15.0,414.0,99.0,30.0,76.0,5,6,12,1,3,2,2
56.0,2,1,1,1,61286.0,608.0,4736.0,34.0,356.0,0.0,107.0,19.0,9.0,117.0,7,1,8,2,0,5,1
36.0,4,1,0,0,82333.0,1822.0,4861.0,60.0,1225.0,0.0,359.0,46.0,81.0,17.0,4,3,10,1,1,2,2
57.0,4,1,0,0,65220.0,1282.0,5069.0,3.0,890.0,63.0,292.0,0.0,25.0,12.0,8,4,7,4,0,6,1
48.0,2,1,1,3,33590.0,8.0,4643.0,65.0,4.0,0.0,2.0,0.0,0.0,2.0,1,0,2,1,0,7,0
46.0,2,0,1,1,30992.0,43.0,4838.0,83.0,17.0,0.0,14.0,7.0,3.0,2.0,1,0,3,1,0,7,0
46.0,3,0,0,0,72309.0,1931.0,4880.0,64.0,960.0,0.0,556.0,50.0,38.0,0.0,5,6,8,1,1,3,2
73.0,4,1,0,0,117416.25,8.0,4709.0,85.0,2.0,1.0,2.0,1.0,1.0,1.0,0,0,0,0,0,0,0
42.0,0,1,1,1,16005.0,103.0,5089.0,69.0,1.0,3.0,2.0,20.0,30.0,47.0,2,1,2,3,0,8,0
65.0,3,0,0,0,65487.0,1169.0,4575.0,48.0,240.0,67.0,500.0,120.5,0.0,126.5,3,5,6,3,0,2,2
57.0,2,1,1,1,58692.0,395.0,4489.0,21.0,301.0,11.0,61.0,4.0,7.0,11.0,8,2,4,1,0,7,1
53.0,2,0,1,2,40590.0,258.0,4675.0,30.0,154.0,0.0,50.0,6.0,11.0,37.0,3,4,3,5,1,6,1
52.0,2,0,1,1,20587.0,25.0,4454.0,39.0,2.0,3.0,6.0,4.0,1.0,9.0,1,1,2,1,0,7,0
68.0,3,0,1,1,62637.0,185.0,4525.0,76.0,104.0,12.0,48.0,4.0,12.0,5.0,2,2,5,1,0,2,0
56.0,3,0,1,2,29435.0,180.0,5097.0,11.0,70.0,3.0,37.0,4.0,2.0,64.0,3,2,2,4,0,9,0
48.0,2,0,1,1,19346.0,22.0,4555.0,26.0,2.0,0.0,9.0,3.0,6.0,2.0,1,0,3,1,0,8,0
51.0,2,1,1,2,35788.0,44.0,4562.0,34.0,23.0,2.0,11.0,3.0,1.0,4.0,2,0,3,2,0,6,0
54.0,2,0,1,2,36997.0,94.0,4918.0,72.0,43.0,4.0,12.0,8.0,0.0,27.0,2,1,4,5,0,5,0
65.0,2,1,0,0,23539.0,81.0,4526.0,13.0,4.0,24.0,11.0,16.0,1.0,25.0,2,0,4,1,0,6,0
49.0,2,0,1,1,65333.0,798.0,4568.0,58.0,654.0,7.0,92.0,0.0,15.0,30.0,9,4,8,7,2,6,1
65.0,2,0,0,0,78499.0,1334.0,4623.0,12.0,912.0,72.0,170.0,47.0,36.0,97.0,11,3,4,1,1,4,2
51.0,4,1,1,1,29732.0,38.0,4501.0,23.0,25.0,0.0,8.0,0.0,1.0,4.0,2,0,2,1,0,9,0
62.0,3,1,1,3,41275.0,61.0,4502.0,33.0,24.0,4.0,22.0,0.0,2.0,9.0,3,1,3,4,0,5,0
49.0,4,1,1,2,63516.0,300.0,4763.0,30.0,141.0,11.0,114.0,15.0,14.0,5.0,4,1,7,4,0,5,1
60.0,4,1,1,1,42769.0,88.0,4665.0,15.0,71.0,0.0,13.0,3.0,1.0,0.0,1,1,4,2,0,4,0
64.0,3,1,1,2,49572.0,54.0,4601.0,25.0,35.0,1.0,16.0,0.0,1.0,1.0,2,0,3,2,0,7,0
50.0,2,1,0,0,69209.0,1782.0,5055.0,4.0,496.0,32.0,556.0,120.5,48.0,126.5,5,3,6,2,1,4,2
46.0,2,1,1,1,17148.0,68.0,4557.0,80.0,9.0,9.0,11.0,13.0,10.0,16.0,3,1,3,4,0,8,0
53.0,2,0,1,2,40590.0,258.0,4675.0,30.0,154.0,0.0,50.0,6.0,11.0,37.0,3,4,3,5,1,6,1
46.0,3,1,1,1,30560.0,31.0,4772.0,6.0,9.0,1.0,5.0,4.0,5.0,7.0,1,0,3,1,0,7,0
39.0,1,1,1,1,32146.0,66.0,4453.0,16.0,26.0,3.0,23.0,4.0,7.0,3.0,2,0,4,2,0,6,0
58.0,1,0,1,2,41713.0,174.0,4466.0,57.0,77.0,8.0,44.0,10.0,10.0,25.0,3,1,4,5,0,6,0
47.0,3,1,1,1,34176.0,28.0,4563.0,9.0,11.0,2.0,7.0,4.0,2.0,2.0,1,0,3,1,0,3,0
67.0,4,1,1,1,58482.0,731.0,4514.0,59.0,576.0,7.0,115.0,19.0,7.0,7.0,7,4,9,2,1,6,1
57.0,2,0,1,1,59686.0,274.0,4560.0,78.0,89.0,15.0,89.0,34.0,42.0,5.0,4,1,6,1,0,4,1
58.0,4,1,1,1,60896.0,1701.0,5031.0,90.0,1013.0,30.0,399.0,60.0,46.0,126.5,9,10,4,3,0,6,1
42.0,2,1,1,1,62994.0,312.0,4522.0,74.0,224.0,12.0,48.0,4.0,12.0,12.0,6,2,4,1,0,6,1
65.0,2,1,1,1,47320.0,414.0,4737.0,10.0,200.0,19.0,111.0,50.0,15.0,19.0,5,1,8,6,0,6,1
73.0,1,0,0,0,74859.0,1565.0,4796.0,63.0,570.0,73.0,556.0,120.5,81.0,73.0,6,5,11,1,1,3,2
30.0,0,0,1,1,15253.0,29.0,4649.0,13.0,1.0,3.0,3.0,8.0,1.0,13.0,1,0,3,2,0,7,0
48.0,4,0,1,1,31560.0,94.0,4775.0,98.0,62.0,1.0,20.0,4.0,0.0,7.0,2,1,3,2,0,8,0
68.0,2,0,1,1,72071.0,1338.0,4905.0,4.0,531.0,69.0,300.0,120.5,81.0,126.5,5,4,8,3,0,2,2
32.0,3,0,0,0,91172.0,1092.0,4864.0,94.0,162.0,28.0,556.0,0.0,28.0,56.0,4,3,7,0,4,3,2
38.0,2,1,0,0,90000.0,1479.0,4593.0,91.0,675.0,81.0,133.0,94.0,81.0,126.5,4,8,5,1,3,1,2
41.0,2,0,1,2,41967.0,54.0,4623.0,66.0,23.0,4.0,10.0,0.0,2.0,15.0,1,0,3,1,0,4,0
57.0,2,0,1,1,69263.0,568.0,4521.0,14.0,492.0,5.0,32.0,13.0,5.0,21.0,9,1,7,1,1,6,1
52.0,1,0,0,0,65706.0,1199.0,4771.0,77.0,918.0,10.0,129.0,13.0,0.0,126.5,11,3,12,1,3,7,2
47.0,2,1,1,1,60934.0,873.0,4568.0,41.0,224.0,81.0,155.0,120.5,81.0,54.0,6,4,11,2,0,4,2
71.0,2,1,1,1,71965.0,1213.0,4740.0,21.0,572.0,19.0,286.0,50.0,38.0,126.5,6,3,5,3,0,3,1
67.0,2,1,1,1,65210.0,731.0,4516.0,25.0,626.0,0.0,70.0,0.0,7.0,28.0,9,3,8,2,2,6,1
47.0,4,1,0,0,79174.0,2043.0,4939.0,2.0,1074.0,37.0,518.0,120.5,81.0,126.5,5,6,7,1,2,2,2
55.0,3,0,0,0,81380.0,1893.0,4959.0,51.0,741.0,68.0,556.0,120.5,68.0,103.0,4,2,10,1,0,2,2
49.0,4,0,1,1,48432.0,424.0,5024.0,3.0,322.0,3.0,50.0,4.0,3.0,42.0,7,1,6,5,0,8,1
51.0,2,1,1,1,52914.0,575.0,4943.0,32.0,254.0,10.0,44.0,30.0,10.0,126.5,7,3,3,2,1,7,1
67.0,2,1,1,1,38946.0,257.0,4653.0,84.0,116.0,6.0,82.0,6.0,6.0,41.0,3,1,6,2,0,5,1
48.0,2,1,1,1,26067.0,56.0,4642.0,49.0,22.0,2.0,18.0,0.0,2.0,12.0,3,0,3,3,0,8,0
50.0,4,1,1,1,44325.0,542.0,4884.0,69.0,516.0,0.0,21.0,0.0,0.0,5.0,8,2,7,4,1,8,1
58.0,2,1,0,0,42523.0,125.0,4472.0,96.0,14.0,36.0,11.0,3.0,26.0,35.0,1,1,4,1,0,2,0
44.0,0,0,1,1,26487.0,69.0,4810.0,23.0,2.0,8.0,10.0,12.0,14.0,23.0,2,1,3,3,0,5,0
65.0,1,1,1,1,53233.0,40.0,4508.0,18.0,28.0,0.0,9.0,3.0,0.0,0.0,1,0,3,1,0,4,0
62.0,2,1,1,1,67716.0,1016.0,4940.0,8.0,530.0,81.0,217.0,62.0,9.0,56.0,7,4,13,4,1,5,1
50.0,3,1,1,1,76234.0,907.0,4548.0,21.0,519.0,50.0,167.0,120.5,0.0,41.0,8,3,11,1,1,3,2
66.0,4,1,0,0,84117.0,1566.0,4454.0,60.0,611.0,76.0,556.0,59.0,45.0,26.0,7,10,6,1,1,2,2
65.0,3,1,0,0,65487.0,1169.0,4575.0,48.0,240.0,67.0,500.0,120.5,0.0,126.5,3,5,6,3,0,2,2
50.0,0,1,1,1,25224.0,46.0,4510.0,36.0,4.0,9.0,12.0,11.0,2.0,8.0,1,1,3,2,0,3,0
39.0,3,0,0,0,89616.0,1644.0,4894.0,36.0,671.0,47.0,556.0,120.5,81.0,15.0,7,5,12,1,0,2,2
51.0,2,0,1,2,40851.0,59.0,4898.0,63.0,23.0,1.0,7.0,0.0,4.0,24.0,1,1,2,1,0,7,0
75.0,2,1,0,0,27469.0,17.0,5101.0,2.0,9.0,1.0,2.0,3.0,2.0,0.0,0,0,3,1,0,6,0
65.0,1,1,0,0,82347.0,1853.0,5005.0,38.0,556.0,54.0,556.0,120.5,81.0,63.0,7,7,10,1,2,3,2
65.0,2,1,1,1,73803.0,1528.0,5102.0,61.0,833.0,80.0,363.0,52.0,26.0,126.5,9,5,6,2,1,6,1
70.0,3,0,1,2,8820.0,35.0,4869.0,52.0,12.0,0.0,13.0,4.0,2.0,4.0,3,0,3,4,0,8,0
48.0,2,0,0,0,43322.0,141.0,4474.0,25.0,56.0,7.0,48.0,10.0,2.0,18.0,3,0,4,1,0,7,0
49.0,2,1,1,1,55593.0,546.0,4717.0,63.0,293.0,8.0,124.0,11.0,4.0,106.0,6,6,3,2,1,6,1
68.0,2,1,1,2,50501.0,500.0,4781.0,10.0,297.0,0.0,38.0,13.0,0.0,126.5,5,4,4,7,1,6,1
47.0,2,1,1,2,37085.0,61.0,4408.0,65.0,39.0,1.0,16.0,2.0,0.0,3.0,3,0,3,4,0,8,0
32.0,0,0,1,1,16185.0,106.0,4733.0,71.0,5.0,11.0,16.0,21.0,8.0,45.0,2,2,2,2,0,8,0
53.0,2,0,1,1,57731.0,704.0,4988.0,0.0,266.0,21.0,300.0,65.0,8.0,44.0,8,8,6,4,0,6,1
49.0,4,0,1,1,48432.0,424.0,5024.0,3.0,322.0,3.0,50.0,4.0,3.0,42.0,7,1,6,5,0,8,1
44.0,2,1,1,1,73807.0,849.0,4948.0,88.0,366.0,81.0,156.0,71.0,78.0,54.0,5,5,11,2,0,2,2
32.0,2,1,0,0,18929.0,85.0,4903.0,15.0,32.0,0.0,8.0,23.0,4.0,18.0,1,0,4,1,0,6,0
54.0,2,0,1,2,35893.0,199.0,5027.0,80.0,158.0,0.0,23.0,0.0,0.0,18.0,3,1,5,6,0,8,0
42.0,2,1,1,1,61014.0,1147.0,5092.0,17.0,269.0,81.0,495.0,120.5,43.0,29.0,9,3,4,4,0,7,1
68.0,2,1,1,2,32144.0,54.0,4503.0,76.0,41.0,0.0,10.0,0.0,0.0,3.0,2,1,3,4,1,7,0
59.0,0,1,1,1,14918.0,43.0,4974.0,52.0,3.0,3.0,3.0,15.0,4.0,15.0,1,0,3,1,0,6,0
59.0,2,0,1,2,45146.0,53.0,4754.0,28.0,33.0,0.0,5.0,0.0,0.0,15.0,1,1,2,2,0,4,0
67.0,1,0,1,1,41769.0,521.0,4906.0,31.0,302.0,29.0,131.0,32.0,0.0,27.0,8,1,7,6,0,8,1
41.0,2,1,0,0,88325.0,1623.0,4549.0,42.0,519.0,71.0,556.0,93.0,27.0,53.0,6,2,9,1,0,2,2
72.0,3,0,1,2,38054.0,45.0,4464.0,24.0,23.0,2.0,17.0,2.0,1.0,0.0,2,0,3,2,0,7,0
27.0,1,0,0,0,80617.0,1435.0,5030.0,42.0,594.0,51.0,556.0,72.0,55.0,32.0,4,6,8,1,0,2,2
46.0,2,1,1,1,5305.0,32.0,4739.0,12.0,12.0,4.0,7.0,1.0,3.0,5.0,1,0,0,0,0,13,0
68.0,2,1,1,2,36807.0,16.0,4961.0,88.0,4.0,2.0,5.0,0.0,0.0,5.0,1,0,2,1,0,6,0
39.0,2,1,1,1,28427.0,52.0,4870.0,67.0,18.0,3.0,19.0,3.0,3.0,6.0,2,0,3,2,0,8,0
74.0,4,0,0,0,82032.0,1234.0,4490.0,54.0,332.0,81.0,377.0,120.5,81.0,57.0,4,6,7,0,0,1,2
44.0,2,1,1,1,22775.0,15.0,4780.0,40.0,5.0,1.0,8.0,0.0,0.0,1.0,1,0,2,1,0,8,0
37.0,3,1,1,1,40101.0,415.0,5028.0,73.0,171.0,3.0,129.0,26.0,24.0,62.0,6,1,6,4,0,7,1
43.0,2,1,1,1,58025.0,470.0,4620.0,81.0,270.0,31.0,88.0,11.0,48.0,22.0,3,2,10,3,0,4,1
40.0,3,0,0,0,75777.0,1438.0,4765.0,12.0,712.0,26.0,538.0,69.0,13.0,80.0,3,6,11,1,2,1,2
43.0,1,1,1,1,7500.0,53.0,4823.0,7.0,2.0,8.0,11.0,3.0,8.0,21.0,3,2,2,4,0,7,0
59.0,3,1,1,3,33562.0,51.0,4409.0,33.0,21.0,12.0,12.0,0.0,3.0,3.0,2,0,4,3,0,4,0
52.0,4,0,1,1,57642.0,679.0,4576.0,24.0,580.0,6.0,58.0,8.0,0.0,27.0,7,6,6,3,1,4,1
54.0,2,1,1,2,58554.0,586.0,5046.0,55.0,368.0,24.0,68.0,38.0,0.0,88.0,8,2,6,6,0,7,1
43.0,2,1,1,2,63777.0,653.0,4867.0,87.0,457.0,5.0,106.0,15.0,17.0,53.0,11,1,6,8,0,8,1
60.0,2,0,1,1,57967.0,468.0,4888.0,39.0,229.0,7.0,137.0,4.0,0.0,91.0,4,2,8,5,0,5,1
44.0,1,1,0,0,51381.5,1679.0,5091.0,53.0,32.0,2.0,556.0,12.0,4.0,22.0,0,0,1,0,1,0,2
50.0,2,1,1,2,24434.0,50.0,4447.0,9.0,3.0,2.0,8.0,20.0,0.0,17.0,2,1,2,2,0,7,0
38.0,2,0,1,1,11012.0,84.0,4875.0,82.0,24.0,3.0,26.0,7.0,1.0,23.0,3,1,2,3,1,9,0
52.0,3,0,0,0,44802.0,1049.0,5082.0,71.0,853.0,10.0,143.0,13.0,10.0,20.0,9,4,12,2,0,8,1
36.0,2,0,0,0,26816.0,22.0,5086.0,50.0,5.0,1.0,6.0,3.0,4.0,3.0,0,0,3,1,0,4,0
45.0,2,1,1,1,117416.25,62.0,4797.0,23.0,9.0,14.0,18.0,8.0,1.0,12.0,3,1,3,4,0,6,0
48.0,2,1,1,1,34421.0,30.0,4768.0,81.0,3.0,3.0,7.0,6.0,2.0,9.0,1,0,2,1,0,7,0
55.0,2,1,1,1,61223.0,1341.0,4786.0,46.0,709.0,43.0,182.0,42.0,81.0,126.5,9,3,4,2,0,5,1
76.0,4,1,1,3,64014.0,444.0,4424.0,56.0,406.0,0.0,30.0,0.0,0.0,8.0,8,2,5,7,1,7,1
41.0,2,0,0,0,56981.0,1241.0,4560.0,91.0,908.0,48.0,217.0,32.0,12.0,24.0,2,3,13,1,1,6,2
66.0,3,1,1,1,69245.0,843.0,4561.0,8.0,428.0,30.0,214.0,80.0,30.0,61.0,6,5,10,2,0,3,2
68.0,4,1,1,2,52869.0,172.0,5027.0,40.0,84.0,3.0,61.0,2.0,1.0,21.0,3,1,4,3,0,7,0
